subject,phase,trial,condition,meter,bpm,switch_time,tap_idx,tap_time_s,peak_amp,rms_db
sub07,test,1,spontaneous,2,104.0,0,0,0.6770416666666667,1709.0,49.51287138982451
sub07,test,1,spontaneous,2,104.0,0,1,1.1872708333333333,10.0,6.846833184393196
sub07,test,1,spontaneous,2,104.0,0,2,2.4531875,321.0,33.44927033766042
sub07,test,1,spontaneous,2,104.0,0,3,3.0398125,699.0,42.378582726901826
sub07,test,1,spontaneous,2,104.0,0,4,3.5944166666666666,831.0,43.66121440798114
sub07,test,1,spontaneous,2,104.0,0,5,4.1715625,869.0,44.05730303926826
sub07,test,1,spontaneous,2,104.0,0,6,4.777229166666666,849.0,43.7703054212809
sub07,test,1,spontaneous,2,104.0,0,7,5.3266875,214.0,28.22735920827009
sub07,test,1,spontaneous,2,104.0,0,8,5.9160208333333335,230.0,29.071735295889436
sub07,test,1,spontaneous,2,104.0,0,9,6.511625,139.0,25.343883960817465
sub07,test,1,spontaneous,2,104.0,0,10,6.97075,162.0,26.518713704627125
sub07,test,1,spontaneous,2,104.0,0,11,7.777395833333333,205.0,27.769925928545337
sub07,test,1,spontaneous,2,104.0,0,12,8.476291666666667,886.0,44.288791926543674
sub07,test,1,spontaneous,2,104.0,0,13,8.904354166666666,181.0,28.04830132956507
sub07,test,1,spontaneous,2,104.0,0,14,9.402416666666667,158.0,26.310934129762312
sub07,test,1,spontaneous,2,104.0,0,15,9.960708333333333,626.0,41.08964850177269
sub07,test,1,spontaneous,2,104.0,0,16,10.502229166666666,211.0,29.852751832106804
sub07,test,1,spontaneous,2,104.0,0,17,11.097708333333333,146.0,26.49522130816285
sub07,test,1,spontaneous,2,104.0,0,18,11.7155,171.0,27.004404941554064
sub07,test,1,spontaneous,2,104.0,0,19,12.177458333333334,2446.0,48.639833882997685
sub07,test,1,spontaneous,2,104.0,0,20,12.710333333333333,126.0,25.32024103922321
sub07,test,1,spontaneous,2,104.0,0,21,13.700645833333333,2134.0,47.26819267299991
sub07,test,1,spontaneous,2,104.0,0,22,14.239083333333333,110.0,23.724005266633096
sub07,test,1,spontaneous,2,104.0,0,23,14.716395833333333,158.0,26.320289449420162
sub07,test,1,spontaneous,2,104.0,0,24,15.100916666666667,2315.0,47.97092672855901
sub07,test,1,spontaneous,2,104.0,0,25,15.632958333333333,210.0,29.7780359953627
sub07,test,1,spontaneous,2,104.0,0,26,16.601791666666667,1301.0,47.85571596164417
sub07,test,1,spontaneous,2,104.0,0,27,16.964333333333332,29.0,13.971430713726027
sub07,test,1,spontaneous,2,104.0,0,28,17.661791666666666,127.0,26.333941029376547
sub07,test,1,spontaneous,2,104.0,0,29,18.031,2575.0,49.174160179020994
sub07,test,1,spontaneous,2,104.0,0,30,18.505708333333335,142.0,24.79893081521071
sub07,test,1,spontaneous,2,104.0,0,31,19.408041666666666,2990.0,53.83589929980022
sub07,test,1,spontaneous,2,104.0,0,32,19.88875,151.0,27.312209901071473
sub07,test,1,spontaneous,2,104.0,0,33,20.35889583333333,736.0,42.5828480416118
sub07,test,1,spontaneous,2,104.0,0,34,21.2133125,146.0,26.5885106885251
sub07,test,1,spontaneous,2,104.0,0,35,21.6680625,288.0,31.437863238059705
sub07,test,1,spontaneous,2,104.0,0,36,22.0830625,3085.0,54.035123359162824
sub07,test,1,spontaneous,2,104.0,0,37,22.9519375,626.0,41.06025402674068
sub07,test,1,spontaneous,2,104.0,0,38,23.345270833333334,2844.0,50.14551674096761
sub07,test,1,spontaneous,2,104.0,0,39,23.7660625,185.0,27.00153651907482
sub07,test,1,spontaneous,2,104.0,0,40,24.6546875,2281.0,47.94747257307076
sub07,test,1,spontaneous,2,104.0,0,41,25.087020833333334,168.0,27.4601327281035
sub07,test,1,spontaneous,2,104.0,0,42,25.523020833333334,924.0,44.185360102766104
sub07,test,1,spontaneous,2,104.0,0,43,25.968145833333335,2792.0,49.84123596925485
sub07,test,1,spontaneous,2,104.0,0,44,26.916416666666667,184.0,28.360580517144783
sub07,test,1,spontaneous,2,104.0,0,45,27.330291666666668,2294.0,48.05568326768861
sub07,test,1,spontaneous,2,104.0,0,46,27.788416666666667,209.0,29.615321585221544
sub07,test,1,spontaneous,2,104.0,0,47,28.344395833333333,195.0,27.105234150611864
sub07,test,1,spontaneous,2,104.0,0,48,29.039229166666665,21.0,14.152284674302884
sub07,test,1,spontaneous,2,104.0,0,49,29.726,256.0,30.192040178449883
sub07,test,2,spontaneous,2,112.0,0,0,0.7629166666666667,1915.0,50.538555091942726
sub07,test,2,spontaneous,2,112.0,0,1,1.2480208333333334,218.0,29.91013369497069
sub07,test,2,spontaneous,2,112.0,0,2,1.7923958333333334,202.0,29.481622448603662
sub07,test,2,spontaneous,2,112.0,0,3,2.3247291666666667,713.0,42.47896395842565
sub07,test,2,spontaneous,2,112.0,0,4,2.8233125,238.0,29.619534178771527
sub07,test,2,spontaneous,2,112.0,0,5,3.3811666666666667,288.0,32.08479613815951
sub07,test,2,spontaneous,2,112.0,0,6,3.939375,188.0,28.98914778466072
sub07,test,2,spontaneous,2,112.0,0,7,4.462479166666666,215.0,29.633614535421174
sub07,test,2,spontaneous,2,112.0,0,8,4.970875,175.0,28.391597519185655
sub07,test,2,spontaneous,2,112.0,0,9,5.533895833333333,219.0,29.023391247156983
sub07,test,2,spontaneous,2,112.0,0,10,6.0456875,247.0,30.608543784465358
sub07,test,2,spontaneous,2,112.0,0,11,6.5531041666666665,167.0,28.51182731399127
sub07,test,2,spontaneous,2,112.0,0,12,7.092645833333333,113.0,25.14772736537115
sub07,test,2,spontaneous,2,112.0,0,13,7.615479166666667,170.0,27.934105600856714
sub07,test,2,spontaneous,2,112.0,0,14,8.184729166666667,230.0,30.075424207930894
sub07,test,2,spontaneous,2,112.0,0,15,8.729208333333334,202.0,28.986650110632922
sub07,test,2,spontaneous,2,112.0,0,16,9.227666666666666,88.0,22.06254158368576
sub07,test,2,spontaneous,2,112.0,0,17,9.6805,3159.0,51.06441430908131
sub07,test,2,spontaneous,2,112.0,0,18,10.2011875,126.0,24.346454044428608
sub07,test,2,spontaneous,2,112.0,0,19,10.984729166666666,73.0,20.70161053243641
sub07,test,2,spontaneous,2,112.0,0,20,11.652020833333333,591.0,36.01280125016989
sub07,test,2,spontaneous,2,112.0,0,21,12.116291666666667,155.0,26.91077806648387
sub07,test,2,spontaneous,2,112.0,0,22,12.511791666666667,3127.0,51.13864081689904
sub07,test,2,spontaneous,2,112.0,0,23,13.000375,174.0,26.83744772520669
sub07,test,2,spontaneous,2,112.0,0,24,13.475895833333333,251.0,31.308495219291036
sub07,test,2,spontaneous,2,112.0,0,25,14.046166666666666,10.0,17.415455167762094
sub07,test,2,spontaneous,2,112.0,0,26,14.819625,545.0,35.91392369461383
sub07,test,2,spontaneous,2,112.0,0,27,15.240645833333334,3154.0,54.68528849641919
sub07,test,2,spontaneous,2,112.0,0,28,15.660125,207.0,29.266992807926204
sub07,test,2,spontaneous,2,112.0,0,29,16.107104166666666,200.0,29.843469449241404
sub07,test,2,spontaneous,2,112.0,0,30,16.986416666666667,93.0,22.31078263126211
sub07,test,2,spontaneous,2,112.0,0,31,17.411083333333334,114.0,24.10350693910373
sub07,test,2,spontaneous,2,112.0,0,32,17.84422916666667,2713.0,49.761378596040025
sub07,test,2,spontaneous,2,112.0,0,33,18.2925,76.0,19.539106299344155
sub07,test,2,spontaneous,2,112.0,0,34,19.1066875,2985.0,50.623755408423165
sub07,test,2,spontaneous,2,112.0,0,35,19.581208333333333,169.0,26.488436464900573
sub07,test,2,spontaneous,2,112.0,0,36,19.9643125,226.0,30.47700405918298
sub07,test,2,spontaneous,2,112.0,0,37,20.373395833333333,2995.0,50.71742042865742
sub07,test,2,spontaneous,2,112.0,0,38,21.286395833333334,196.0,28.717852961665564
sub07,test,2,spontaneous,2,112.0,0,39,21.73675,2434.0,52.71615215409057
sub07,test,2,spontaneous,2,112.0,0,40,22.143541666666668,363.0,32.90236090869701
sub07,test,2,spontaneous,2,112.0,0,41,22.635604166666667,261.0,31.631816740577282
sub07,test,2,spontaneous,2,112.0,0,42,23.118583333333333,2636.0,53.3486318056335
sub07,test,2,spontaneous,2,112.0,0,43,23.60964583333333,406.0,34.32084866980379
sub07,test,2,spontaneous,2,112.0,0,44,24.169375,1076.0,41.000626671397356
sub07,test,2,spontaneous,2,112.0,0,45,24.715020833333334,2743.0,53.47360696785876
sub07,test,2,spontaneous,2,112.0,0,46,25.383416666666665,23.0,12.174291055899428
sub07,test,2,spontaneous,2,112.0,0,47,26.1109375,2770.0,53.70525421727574
sub07,test,2,spontaneous,2,112.0,0,48,26.61175,300.0,30.88714270571025
sub07,test,2,spontaneous,2,112.0,0,49,27.150145833333333,129.0,22.10836661359742
sub07,test,2,spontaneous,2,112.0,0,50,27.591479166666666,2675.0,53.40574983897358
sub07,test,2,spontaneous,2,112.0,0,51,28.086270833333334,188.0,27.413934630305246
sub07,test,2,spontaneous,2,112.0,0,52,28.5459375,229.0,28.3856882443501
sub07,test,2,spontaneous,2,112.0,0,53,29.015208333333334,2225.0,51.88095754706784
sub07,test,2,spontaneous,2,112.0,0,54,29.481020833333332,190.0,26.989627660343345
sub07,test,3,cued,2,116.0,14,0,0.386875,3536.0,55.08946411782158
sub07,test,3,cued,2,116.0,14,1,0.7916875,297.0,30.528384369494322
sub07,test,3,cued,2,116.0,14,2,1.1988333333333334,726.0,37.41796343780996
sub07,test,3,cued,2,116.0,14,3,1.7165833333333333,109.0,20.439595951422017
sub07,test,3,cued,2,116.0,14,4,2.176229166666667,2838.0,53.052958652509886
sub07,test,3,cued,2,116.0,14,5,2.6941458333333332,296.0,31.056835367993546
sub07,test,3,cued,2,116.0,14,6,3.203291666666667,3241.0,54.560899610858804
sub07,test,3,cued,2,116.0,14,7,3.693791666666667,348.0,32.25600544792401
sub07,test,3,cued,2,116.0,14,8,4.2686875,2812.0,53.75336674173965
sub07,test,3,cued,2,116.0,14,9,4.7866875,389.0,33.53979375366234
sub07,test,3,cued,2,116.0,14,10,5.273729166666667,3187.0,54.43985076320998
sub07,test,3,cued,2,116.0,14,11,5.779458333333333,480.0,34.35932800789346
sub07,test,3,cued,2,116.0,14,12,6.3166875,2550.0,53.348826006229324
sub07,test,3,cued,2,116.0,14,13,6.831041666666667,1264.0,43.79750325876442
sub07,test,3,cued,2,116.0,14,14,7.36225,3110.0,54.51985484168272
sub07,test,3,cued,2,116.0,14,15,7.856020833333333,482.0,35.068209798083906
sub07,test,3,cued,2,116.0,14,16,8.398666666666667,2662.0,53.509837727090634
sub07,test,3,cued,2,116.0,14,17,8.9190625,325.0,32.53655134790486
sub07,test,3,cued,2,116.0,14,18,9.4363125,2694.0,53.035713729696205
sub07,test,3,cued,2,116.0,14,19,9.935104166666667,160.0,26.638729500175636
sub07,test,3,cued,2,116.0,14,20,10.455083333333333,1864.0,50.496893968956336
sub07,test,3,cued,2,116.0,14,21,10.989520833333334,255.0,30.867124528649747
sub07,test,3,cued,2,116.0,14,22,11.463895833333334,2094.0,51.748891365387266
sub07,test,3,cued,2,116.0,14,23,12.025104166666667,270.0,30.92197535408892
sub07,test,3,cued,2,116.0,14,24,12.494666666666667,2502.0,53.01306978150498
sub07,test,3,cued,2,116.0,14,25,13.000833333333333,175.0,28.121921819874075
sub07,test,3,cued,2,116.0,14,26,13.510270833333333,563.0,33.704852038436655
sub07,test,3,cued,2,116.0,14,27,14.039208333333333,316.0,32.04517903578431
sub07,test,3,cued,2,116.0,14,28,14.53425,622.0,36.608786478212224
sub07,test,3,cued,2,116.0,14,29,15.219270833333333,1693.0,49.683359114814145
sub07,test,3,cued,2,116.0,14,30,15.6075625,288.0,31.770257955394428
sub07,test,3,cued,2,116.0,14,31,16.297,24.0,14.551939330827953
sub07,test,3,cued,2,116.0,14,32,16.918270833333334,281.0,31.151050197909193
sub07,test,3,cued,2,116.0,14,33,17.318583333333333,4332.0,57.20546664324181
sub07,test,3,cued,2,116.0,14,34,17.76364583333333,943.0,39.57600470397448
sub07,test,3,cued,2,116.0,14,35,18.191708333333334,1185.0,46.226477049546126
sub07,test,3,cued,2,116.0,14,36,18.739729166666667,2724.0,53.60927734041798
sub07,test,3,cued,2,116.0,14,37,19.2179375,250.0,28.9843529626545
sub07,test,3,cued,2,116.0,14,38,19.680458333333334,333.0,31.65994054518759
sub07,test,3,cued,2,116.0,14,39,20.570145833333335,239.0,29.553553025903785
sub07,test,3,cued,2,116.0,14,40,21.017458333333334,940.0,44.49039318743078
sub07,test,3,cued,2,116.0,14,41,21.426125,4015.0,56.59387523092016
sub07,test,3,cued,2,116.0,14,42,21.870854166666668,191.0,27.695147652594233
sub07,test,3,cued,2,116.0,14,43,22.309125,430.0,34.06238127212841
sub07,test,3,cued,2,116.0,14,44,22.870791666666666,3902.0,56.273284196996585
sub07,test,3,cued,2,116.0,14,45,23.365291666666668,269.0,30.400933434512886
sub07,test,3,cued,2,116.0,14,46,23.892458333333334,936.0,44.649785074773796
sub07,test,3,cued,2,116.0,14,47,24.404645833333333,3206.0,55.12853127908487
sub07,test,3,cued,2,116.0,14,48,24.87697916666667,1490.0,47.66470099604178
sub07,test,3,cued,2,116.0,14,49,25.392666666666667,1269.0,46.466254054545786
sub07,test,3,cued,2,116.0,14,50,26.049354166666667,41.0,28.98477972216416
sub07,test,3,cued,2,116.0,14,51,26.625791666666668,26.0,13.667989754009557
sub07,test,3,cued,2,116.0,14,52,27.23275,3707.0,56.01366588330761
sub07,test,3,cued,2,116.0,14,53,27.694916666666668,359.0,33.10389990791593
sub07,test,3,cued,2,116.0,14,54,28.141625,1323.0,46.964000781334896
sub07,test,3,cued,2,116.0,14,55,28.576333333333334,4089.0,56.74382292133437
sub07,test,3,cued,2,116.0,14,56,29.042229166666665,1060.0,45.343105865089456
sub07,test,4,cued,2,108.0,12,0,0.8436875,367.0,31.317491718626705
sub07,test,4,cued,2,108.0,12,1,1.2849583333333334,326.0,32.89523612714564
sub07,test,4,cued,2,108.0,12,2,1.7505416666666667,3636.0,55.19806541846567
sub07,test,4,cued,2,108.0,12,3,2.2832916666666665,912.0,44.446846136622895
sub07,test,4,cued,2,108.0,12,4,2.8462708333333335,3238.0,54.31609232007483
sub07,test,4,cued,2,108.0,12,5,3.4115625,1274.0,47.05627051361092
sub07,test,4,cued,2,108.0,12,6,3.9575,4044.0,56.17445200939136
sub07,test,4,cued,2,108.0,12,7,4.532208333333333,1132.0,46.15757931421449
sub07,test,4,cued,2,108.0,12,8,5.046625,3108.0,53.855668933969554
sub07,test,4,cued,2,108.0,12,9,5.585375,247.0,31.011052367402755
sub07,test,4,cued,2,108.0,12,10,6.118645833333333,2089.0,50.95996409416934
sub07,test,4,cued,2,108.0,12,11,6.837625,26.0,14.146716498121734
sub07,test,4,cued,2,108.0,12,12,7.236229166666667,3401.0,55.0317463655199
sub07,test,4,cued,2,108.0,12,13,7.789875,1156.0,45.59047805553226
sub07,test,4,cued,2,108.0,12,14,8.393541666666666,1609.0,49.35567171015702
sub07,test,4,cued,2,108.0,12,15,8.91475,163.0,26.91892763368919
sub07,test,4,cued,2,108.0,12,16,9.522291666666666,2663.0,53.220351372382744
sub07,test,4,cued,2,108.0,12,17,10.043208333333334,2036.0,46.714276368801734
sub07,test,4,cued,2,108.0,12,18,10.750791666666666,804.0,43.57389612934413
sub07,test,4,cued,2,108.0,12,19,11.234708333333334,229.0,29.033383535150385
sub07,test,4,cued,2,108.0,12,20,11.69325,3012.0,54.21857039605409
sub07,test,4,cued,2,108.0,12,21,12.2440625,981.0,44.70730456166813
sub07,test,4,cued,2,108.0,12,22,12.898354166666667,2294.0,52.16296981207785
sub07,test,4,cued,2,108.0,12,23,13.372125,393.0,32.45127965905747
sub07,test,4,cued,2,108.0,12,24,14.2881875,3700.0,55.91204032147545
sub07,test,4,cued,2,108.0,12,25,14.7851875,150.0,26.724628250480144
sub07,test,4,cued,2,108.0,12,26,15.2410625,1056.0,44.93637362799877
sub07,test,4,cued,2,108.0,12,27,15.630875,3622.0,55.29311008944829
sub07,test,4,cued,2,108.0,12,28,16.159041666666667,863.0,44.23182079404323
sub07,test,4,cued,2,108.0,12,29,16.725729166666667,935.0,44.58076417680789
sub07,test,4,cued,2,108.0,12,30,17.255229166666666,3349.0,55.14940212059331
sub07,test,4,cued,2,108.0,12,31,17.900375,28.0,14.209065036665216
sub07,test,4,cued,2,108.0,12,32,18.651375,1159.0,40.994556104524975
sub07,test,4,cued,2,108.0,12,33,19.125541666666667,1034.0,45.08630051476189
sub07,test,4,cued,2,108.0,12,34,19.5790625,175.0,27.501916866938565
sub07,test,4,cued,2,108.0,12,35,20.019770833333332,4016.0,56.18825714553317
sub07,test,4,cued,2,108.0,12,36,20.563895833333333,892.0,43.4188618508091
sub07,test,4,cued,2,108.0,12,37,21.484083333333334,3456.0,54.83634566807895
sub07,test,4,cued,2,108.0,12,38,21.943791666666666,89.0,22.479937128899948
sub07,test,4,cued,2,108.0,12,39,22.412895833333334,304.0,31.847921473881158
sub07,test,4,cued,2,108.0,12,40,22.87525,3045.0,53.84987575345028
sub07,test,4,cued,2,108.0,12,41,23.366770833333334,271.0,29.79757606081479
sub07,test,4,cued,2,108.0,12,42,24.266395833333334,3203.0,54.437928978231504
sub07,test,4,cued,2,108.0,12,43,24.736541666666668,319.0,31.97762648389977
sub07,test,4,cued,2,108.0,12,44,25.1380625,419.0,32.69431538802999
sub07,test,4,cued,2,108.0,12,45,25.647666666666666,3822.0,55.84631127677457
sub07,test,4,cued,2,108.0,12,46,26.133145833333334,886.0,43.51687529146622
sub07,test,4,cued,2,108.0,12,47,26.835291666666667,21.0,16.19919027093621
sub07,test,4,cued,2,108.0,12,48,27.588604166666666,573.0,40.21936406630125
sub07,test,4,cued,2,108.0,12,49,28.047583333333332,889.0,43.691401689181674
sub07,test,4,cued,2,108.0,12,50,28.492208333333334,4094.0,56.61483824261366
sub07,test,4,cued,2,108.0,12,51,28.942166666666665,729.0,42.132063862676105
sub07,test,4,cued,2,108.0,12,52,29.76725,3604.0,55.176775238624714
sub07,test,5,cued,3,112.0,14,0,0.38866666666666666,1094.0,46.62211932515933
sub07,test,5,cued,3,112.0,14,1,0.7354166666666667,52.0,16.54002639478793
sub07,test,5,cued,3,112.0,14,2,1.1526041666666667,101.0,21.983515684881446
sub07,test,5,cued,3,112.0,14,3,1.6351875,3859.0,55.62055371995031
sub07,test,5,cued,3,112.0,14,4,2.337645833333333,24.0,12.47018022811467
sub07,test,5,cued,3,112.0,14,5,3.0963958333333332,3861.0,55.71765897937755
sub07,test,5,cued,3,112.0,14,6,3.5751875,206.0,27.165528238299828
sub07,test,5,cued,3,112.0,14,7,4.052895833333333,263.0,30.395531879232053
sub07,test,5,cued,3,112.0,14,8,4.449958333333333,3264.0,54.6655247475913
sub07,test,5,cued,3,112.0,14,9,4.9246875,132.0,23.094675130837263
sub07,test,5,cued,3,112.0,14,10,5.439770833333333,1084.0,45.65567106796248
sub07,test,5,cued,3,112.0,14,11,6.2860625,810.0,43.14064689858294
sub07,test,5,cued,3,112.0,14,12,6.7636875,333.0,30.742331716864353
sub07,test,5,cued,3,112.0,14,13,7.197291666666667,4250.0,56.55611114624996
sub07,test,5,cued,3,112.0,14,14,7.648104166666666,272.0,29.37392151860527
sub07,test,5,cued,3,112.0,14,15,8.1088125,661.0,41.92128759963282
sub07,test,5,cued,3,112.0,14,16,8.877375,24.0,14.850704432840045
sub07,test,5,cued,3,112.0,14,17,9.4616875,303.0,29.943923153383626
sub07,test,5,cued,3,112.0,14,18,9.897604166666667,2422.0,51.8270169744666
sub07,test,5,cued,3,112.0,14,19,10.333125,100.0,22.010384784706204
sub07,test,5,cued,3,112.0,14,20,10.758145833333334,669.0,41.07932062172105
sub07,test,5,cued,3,112.0,14,21,11.681541666666666,282.0,31.106177645922017
sub07,test,5,cued,3,112.0,14,22,12.147520833333333,165.0,27.429072489777816
sub07,test,5,cued,3,112.0,14,23,12.61775,3478.0,54.79051152166278
sub07,test,5,cued,3,112.0,14,24,13.10925,779.0,43.602856108920065
sub07,test,5,cued,3,112.0,14,25,13.564666666666668,611.0,41.18610421679962
sub07,test,5,cued,3,112.0,14,26,13.974708333333334,3872.0,55.91791861709859
sub07,test,5,cued,3,112.0,14,27,14.887708333333334,206.0,27.42812928100186
sub07,test,5,cued,3,112.0,14,28,15.327729166666666,1266.0,47.34642133713954
sub07,test,5,cued,3,112.0,14,29,15.748583333333332,1106.0,45.778822913942186
sub07,test,5,cued,3,112.0,14,30,16.240083333333335,1440.0,48.41903227850512
sub07,test,5,cued,3,112.0,14,31,16.720208333333332,215.0,27.32114416864921
sub07,test,5,cued,3,112.0,14,32,17.204645833333334,1439.0,48.52257965003565
sub07,test,5,cued,3,112.0,14,33,17.717041666666667,179.0,26.767310690830453
sub07,test,5,cued,3,112.0,14,34,18.618375,105.0,22.222195511456974
sub07,test,5,cued,3,112.0,14,35,19.06825,3070.0,53.97796827134319
sub07,test,5,cued,3,112.0,14,36,19.5834375,171.0,25.453930320098152
sub07,test,5,cued,3,112.0,14,37,20.003916666666665,1704.0,49.50553049119415
sub07,test,5,cued,3,112.0,14,38,20.474166666666665,38.0,14.975439260849653
sub07,test,5,cued,3,112.0,14,39,20.932979166666666,1835.0,50.346414642119235
sub07,test,5,cued,3,112.0,14,40,21.4941875,252.0,28.951772882810978
sub07,test,5,cued,3,112.0,14,41,22.364645833333334,1025.0,43.96874282551004
sub07,test,5,cued,3,112.0,14,42,22.811958333333333,1955.0,51.027706020170044
sub07,test,5,cued,3,112.0,14,43,23.273895833333334,79.0,18.893989798013532
sub07,test,5,cued,3,112.0,14,44,23.6805625,2012.0,51.29520217251064
sub07,test,5,cued,3,112.0,14,45,24.173770833333332,121.0,22.915322598859614
sub07,test,5,cued,3,112.0,14,46,25.035708333333332,119.0,22.599023302177528
sub07,test,5,cued,3,112.0,14,47,25.475041666666666,1797.0,50.424362704558774
sub07,test,5,cued,3,112.0,14,48,25.905645833333335,138.0,23.804511934846367
sub07,test,5,cued,3,112.0,14,49,26.337958333333333,2708.0,53.60340178787113
sub07,test,5,cued,3,112.0,14,50,26.841479166666666,287.0,30.522486698172166
sub07,test,5,cued,3,112.0,14,51,27.6708125,25.0,12.093288058694085
sub07,test,5,cued,3,112.0,14,52,27.8695,375.0,32.491259689449244
sub07,test,5,cued,3,112.0,14,53,28.783833333333334,302.0,30.15893620068843
sub07,test,5,cued,3,112.0,14,54,29.2313125,407.0,33.08278880469974
sub07,test,5,cued,3,112.0,14,55,29.7481875,136.0,22.585358530370666
sub07,test,6,cued,3,112.0,12,0,0.6463958333333333,2853.0,50.979987913742676
sub07,test,6,cued,3,112.0,12,1,1.1120833333333333,195.0,28.07904581070298
sub07,test,6,cued,3,112.0,12,2,2.0155625,3714.0,55.427624040588405
sub07,test,6,cued,3,112.0,12,3,2.5309583333333334,133.0,24.85754935565498
sub07,test,6,cued,3,112.0,12,4,2.9708125,208.0,27.983479876576606
sub07,test,6,cued,3,112.0,12,5,3.4255833333333334,3586.0,55.401977741084345
sub07,test,6,cued,3,112.0,12,6,3.9332291666666666,90.0,22.41247205161455
sub07,test,6,cued,3,112.0,12,7,4.416729166666666,262.0,30.796336517428273
sub07,test,6,cued,3,112.0,12,8,4.8287708333333335,3737.0,55.840180960567174
sub07,test,6,cued,3,112.0,12,9,5.740375,202.0,27.950743781144443
sub07,test,6,cued,3,112.0,12,10,6.132291666666666,2960.0,52.009685231981855
sub07,test,6,cued,3,112.0,12,11,6.6079791666666665,146.0,25.16684997198166
sub07,test,6,cued,3,112.0,12,12,7.060395833333334,355.0,33.59811775662194
sub07,test,6,cued,3,112.0,12,13,7.646166666666667,32.0,14.980711279707004
sub07,test,6,cued,3,112.0,12,14,8.4075625,150.0,26.27118251824936
sub07,test,6,cued,3,112.0,12,15,8.774520833333334,3433.0,55.397248512974215
sub07,test,6,cued,3,112.0,12,16,9.2236875,204.0,28.277662792624916
sub07,test,6,cued,3,112.0,12,17,9.7031875,242.0,30.2586345493938
sub07,test,6,cued,3,112.0,12,18,10.324291666666667,21.0,11.192238036895134
sub07,test,6,cued,3,112.0,12,19,11.068020833333334,1015.0,43.868098731938176
sub07,test,6,cued,3,112.0,12,20,11.544916666666667,2731.0,53.204930146964784
sub07,test,6,cued,3,112.0,12,21,11.93025,3527.0,54.49987536330252
sub07,test,6,cued,3,112.0,12,22,12.382229166666667,44.0,15.921381887536292
sub07,test,6,cued,3,112.0,12,23,12.991854166666666,647.0,40.36265029108143
sub07,test,6,cued,3,112.0,12,24,13.609291666666667,2986.0,52.99651095442961
sub07,test,6,cued,3,112.0,12,25,14.046145833333334,587.0,35.701901269211056
sub07,test,6,cued,3,112.0,12,26,14.509958333333334,3330.0,55.19739606984942
sub07,test,6,cued,3,112.0,12,27,15.013020833333334,563.0,41.236546535476066
sub07,test,6,cued,3,112.0,12,28,16.420583333333333,3537.0,55.431315763118356
sub07,test,6,cued,3,112.0,12,29,16.901395833333332,137.0,25.22756582777395
sub07,test,6,cued,3,112.0,12,30,17.372354166666668,2720.0,50.71877879546466
sub07,test,6,cued,3,112.0,12,31,17.85739583333333,540.0,40.72765135242901
sub07,test,6,cued,3,112.0,12,32,18.28425,3137.0,52.07959784934607
sub07,test,6,cued,3,112.0,12,33,18.8251875,416.0,37.95632930018204
sub07,test,6,cued,3,112.0,12,34,19.340604166666665,3304.0,54.98239117195709
sub07,test,6,cued,3,112.0,12,35,19.861791666666665,624.0,41.90244850048393
sub07,test,6,cued,3,112.0,12,36,20.5129375,35.0,17.016818920733616
sub07,test,6,cued,3,112.0,12,37,21.070604166666666,27.0,13.766403123910425
sub07,test,6,cued,3,112.0,12,38,21.834645833333333,399.0,37.745772802181826
sub07,test,6,cued,3,112.0,12,39,22.2585625,3227.0,53.32413417122889
sub07,test,6,cued,3,112.0,12,40,22.672875,588.0,41.22082337228445
sub07,test,6,cued,3,112.0,12,41,23.102125,2881.0,51.148508700246765
sub07,test,6,cued,3,112.0,12,42,23.659145833333334,788.0,43.92904233979116
sub07,test,6,cued,3,112.0,12,43,24.18166666666667,3128.0,52.43118966409385
sub07,test,6,cued,3,112.0,12,44,24.69025,409.0,38.027756725835154
sub07,test,6,cued,3,112.0,12,45,25.184270833333333,2889.0,53.48775749295876
sub07,test,6,cued,3,112.0,12,46,25.7815625,750.0,43.376783361572905
sub07,test,6,cued,3,112.0,12,47,26.2928125,3854.0,56.83393922283927
sub07,test,6,cued,3,112.0,12,48,26.812895833333332,544.0,40.742156564248795
sub07,test,6,cued,3,112.0,12,49,27.436083333333332,12.0,11.026385312399471
sub07,test,6,cued,3,112.0,12,50,28.208666666666666,3065.0,52.818734786371444
sub07,test,6,cued,3,112.0,12,51,28.7180625,422.0,38.27736325803665
sub07,test,6,cued,3,112.0,12,52,29.166666666666668,2806.0,52.548385350632685
sub07,test,6,cued,3,112.0,12,53,29.658979166666665,485.0,39.884606647070775
sub07,test,7,spontaneous,2,120.0,0,0,0.4014583333333333,2624.0,50.64032146445655
sub07,test,7,spontaneous,2,120.0,0,1,0.7922916666666666,216.0,28.78374165181302
sub07,test,7,spontaneous,2,120.0,0,2,1.2307083333333333,2988.0,52.88557101972575
sub07,test,7,spontaneous,2,120.0,0,3,1.6790833333333333,229.0,28.890260949179655
sub07,test,7,spontaneous,2,120.0,0,4,2.1533333333333333,3231.0,53.55429209358681
sub07,test,7,spontaneous,2,120.0,0,5,2.6548541666666665,76.0,20.632551513770476
sub07,test,7,spontaneous,2,120.0,0,6,3.1060833333333333,2881.0,51.39398294676869
sub07,test,7,spontaneous,2,120.0,0,7,3.5847083333333334,411.0,38.257545004677525
sub07,test,7,spontaneous,2,120.0,0,8,4.065708333333333,3641.0,53.60939840873292
sub07,test,7,spontaneous,2,120.0,0,9,4.540020833333333,292.0,31.178940651878918
sub07,test,7,spontaneous,2,120.0,0,10,5.15475,20.0,13.518472849940586
sub07,test,7,spontaneous,2,120.0,0,11,5.877729166666667,3177.0,53.21570404531027
sub07,test,7,spontaneous,2,120.0,0,12,6.349083333333334,131.0,24.687154465579667
sub07,test,7,spontaneous,2,120.0,0,13,6.79525,2131.0,49.56394996780358
sub07,test,7,spontaneous,2,120.0,0,14,7.2485,136.0,25.601466702265306
sub07,test,7,spontaneous,2,120.0,0,15,7.688083333333333,2308.0,49.95168214144148
sub07,test,7,spontaneous,2,120.0,0,16,8.134166666666667,358.0,37.042210219821776
sub07,test,7,spontaneous,2,120.0,0,17,8.583375,3058.0,52.11811963776623
sub07,test,7,spontaneous,2,120.0,0,18,9.085270833333333,884.0,42.29168207914419
sub07,test,7,spontaneous,2,120.0,0,19,9.562104166666666,2174.0,48.61866994504488
sub07,test,7,spontaneous,2,120.0,0,20,10.8784375,82.0,20.92961755009061
sub07,test,7,spontaneous,2,120.0,0,21,11.275104166666667,3097.0,51.98875685229523
sub07,test,7,spontaneous,2,120.0,0,22,11.777458333333334,99.0,22.46091478331961
sub07,test,7,spontaneous,2,120.0,0,23,12.189,2844.0,53.70640180985421
sub07,test,7,spontaneous,2,120.0,0,24,12.6444375,537.0,39.993913503076904
sub07,test,7,spontaneous,2,120.0,0,25,13.123708333333333,2185.0,50.93641362268366
sub07,test,7,spontaneous,2,120.0,0,26,13.609979166666667,178.0,27.95452267971804
sub07,test,7,spontaneous,2,120.0,0,27,14.033708333333333,2995.0,51.919727563820814
sub07,test,7,spontaneous,2,120.0,0,28,14.627729166666667,24.0,10.957503474808178
sub07,test,7,spontaneous,2,120.0,0,29,15.348333333333333,3964.0,54.38254021008122
sub07,test,7,spontaneous,2,120.0,0,30,15.804645833333334,168.0,26.969603689920007
sub07,test,7,spontaneous,2,120.0,0,31,16.210291666666667,1569.0,45.60188029319991
sub07,test,7,spontaneous,2,120.0,0,32,16.658479166666666,2994.0,52.696327753846724
sub07,test,7,spontaneous,2,120.0,0,33,17.109229166666665,789.0,43.734436574867416
sub07,test,7,spontaneous,2,120.0,0,34,17.532979166666667,163.0,26.72488470252293
sub07,test,7,spontaneous,2,120.0,0,35,18.380479166666667,129.0,24.402102658776542
sub07,test,7,spontaneous,2,120.0,0,36,18.808854166666666,247.0,29.578163902325247
sub07,test,7,spontaneous,2,120.0,0,37,19.1998125,3503.0,53.15676497020669
sub07,test,7,spontaneous,2,120.0,0,38,19.612375,186.0,28.540313573343575
sub07,test,7,spontaneous,2,120.0,0,39,20.383916666666668,3461.0,53.15260166861598
sub07,test,7,spontaneous,2,120.0,0,40,20.818458333333332,395.0,33.19743927161414
sub07,test,7,spontaneous,2,120.0,0,41,21.1840625,322.0,31.53831372300563
sub07,test,7,spontaneous,2,120.0,0,42,21.570375,2757.0,52.01330004172217
sub07,test,7,spontaneous,2,120.0,0,43,22.384604166666666,163.0,26.838397177529124
sub07,test,7,spontaneous,2,120.0,0,44,22.764833333333332,3043.0,53.90770004834963
sub07,test,7,spontaneous,2,120.0,0,45,23.193666666666665,96.0,22.60376188604326
sub07,test,7,spontaneous,2,120.0,0,46,23.579708333333333,835.0,43.12771626575693
sub07,test,7,spontaneous,2,120.0,0,47,24.376479166666666,401.0,32.601076771021134
sub07,test,7,spontaneous,2,120.0,0,48,24.767458333333334,353.0,32.09949687166427
sub07,test,7,spontaneous,2,120.0,0,49,25.128125,2887.0,51.424831455232
sub07,test,7,spontaneous,2,120.0,0,50,25.540041666666667,280.0,30.927062712556015
sub07,test,7,spontaneous,2,120.0,0,51,26.331270833333335,3418.0,54.30648207652567
sub07,test,7,spontaneous,2,120.0,0,52,26.752854166666665,345.0,31.634738342694696
sub07,test,7,spontaneous,2,120.0,0,53,27.1711875,204.0,28.130553143278124
sub07,test,7,spontaneous,2,120.0,0,54,27.5415625,3108.0,53.04951529410466
sub07,test,7,spontaneous,2,120.0,0,55,28.3729375,339.0,31.670486899432994
sub07,test,7,spontaneous,2,120.0,0,56,28.7283125,3484.0,55.38245508312638
sub07,test,7,spontaneous,2,120.0,0,57,29.172125,155.0,26.454829931844706
sub07,test,7,spontaneous,2,120.0,0,58,29.61895833333333,72.0,20.80380934524543
sub07,test,8,spontaneous,3,108.0,0,0,0.12535416666666666,2749.0,51.21621195757801
sub07,test,8,spontaneous,3,108.0,0,1,0.6289375,501.0,40.1047071799306
sub07,test,8,spontaneous,3,108.0,0,2,1.1933125,384.0,34.104656898836886
sub07,test,8,spontaneous,3,108.0,0,3,1.6850208333333334,3907.0,56.508408983694835
sub07,test,8,spontaneous,3,108.0,0,4,2.234916666666667,796.0,39.384972093259194
sub07,test,8,spontaneous,3,108.0,0,5,2.814020833333333,464.0,36.373922914092255
sub07,test,8,spontaneous,3,108.0,0,6,3.7415625,446.0,35.242374973918764
sub07,test,8,spontaneous,3,108.0,0,7,4.221,296.0,28.854040221924713
sub07,test,8,spontaneous,3,108.0,0,8,4.642041666666667,3423.0,53.74540275633434
sub07,test,8,spontaneous,3,108.0,0,9,5.1181875,382.0,33.34021671304348
sub07,test,8,spontaneous,3,108.0,0,10,5.683458333333333,528.0,36.092755072146886
sub07,test,8,spontaneous,3,108.0,0,11,6.15975,3460.0,53.84103050590052
sub07,test,8,spontaneous,3,108.0,0,12,6.690791666666667,566.0,36.02959917745683
sub07,test,8,spontaneous,3,108.0,0,13,7.6331875,3758.0,55.14040984963711
sub07,test,8,spontaneous,3,108.0,0,14,8.089354166666666,367.0,31.751140030889253
sub07,test,8,spontaneous,3,108.0,0,15,8.5859375,265.0,29.235624104240074
sub07,test,8,spontaneous,3,108.0,0,16,8.978708333333334,3577.0,53.80399079943533
sub07,test,8,spontaneous,3,108.0,0,17,9.533291666666667,431.0,35.52622932502926
sub07,test,8,spontaneous,3,108.0,0,18,10.069395833333333,334.0,30.784842576534857
sub07,test,8,spontaneous,3,108.0,0,19,10.880854166666667,259.0,27.795323603537057
sub07,test,8,spontaneous,3,108.0,0,20,11.390020833333333,292.0,32.15273589838596
sub07,test,8,spontaneous,3,108.0,0,21,11.9070625,3182.0,52.735030763324446
sub07,test,8,spontaneous,3,108.0,0,22,12.352604166666667,205.0,26.139988275203912
sub07,test,8,spontaneous,3,108.0,0,23,12.841395833333333,482.0,35.56429654030966
sub07,test,8,spontaneous,3,108.0,0,24,13.726791666666667,312.0,30.20428042465258
sub07,test,8,spontaneous,3,108.0,0,25,14.147375,442.0,35.16893649390418
sub07,test,8,spontaneous,3,108.0,0,26,14.549708333333333,2971.0,52.35977679815642
sub07,test,8,spontaneous,3,108.0,0,27,15.0175,337.0,32.72461929595514
sub07,test,8,spontaneous,3,108.0,0,28,15.8534375,2893.0,52.318087487589665
sub07,test,8,spontaneous,3,108.0,0,29,16.266,354.0,32.00509647403807
sub07,test,8,spontaneous,3,108.0,0,30,16.707875,386.0,33.53405799010182
sub07,test,8,spontaneous,3,108.0,0,31,18.101520833333332,2980.0,51.853666187872165
sub07,test,8,spontaneous,3,108.0,0,32,18.543645833333333,248.0,30.092646470328166
sub07,test,8,spontaneous,3,108.0,0,33,19.005916666666668,3224.0,52.38582794146231
sub07,test,8,spontaneous,3,108.0,0,34,19.471520833333333,738.0,38.48001018881476
sub07,test,8,spontaneous,3,108.0,0,35,20.159458333333333,12.0,13.004565898507805
sub07,test,8,spontaneous,3,108.0,0,36,20.741416666666666,27.0,13.482642880509898
sub07,test,8,spontaneous,3,108.0,0,37,21.144666666666666,2919.0,52.24375507684303
sub07,test,8,spontaneous,3,108.0,0,38,21.689458333333334,334.0,32.319182089002226
sub07,test,8,spontaneous,3,108.0,0,39,22.619395833333332,348.0,33.815563991613494
sub07,test,8,spontaneous,3,108.0,0,40,23.080479166666667,2935.0,52.5981558964349
sub07,test,8,spontaneous,3,108.0,0,41,23.559479166666666,448.0,36.0209829199959
sub07,test,8,spontaneous,3,108.0,0,42,23.99825,1942.0,48.110004908883724
sub07,test,8,spontaneous,3,108.0,0,43,24.505270833333334,642.0,41.88220968952105
sub07,test,8,spontaneous,3,108.0,0,44,25.207520833333334,13.0,12.36526765072169
sub07,test,8,spontaneous,3,108.0,0,45,25.922395833333333,3347.0,53.87428567001031
sub07,test,8,spontaneous,3,108.0,0,46,26.400791666666667,205.0,30.811254324496858
sub07,test,8,spontaneous,3,108.0,0,47,26.800458333333335,2839.0,51.666697024451494
sub07,test,8,spontaneous,3,108.0,0,48,27.279854166666667,375.0,36.713668737467344
sub07,test,8,spontaneous,3,108.0,0,49,28.146770833333335,178.0,28.554842417799343
sub07,test,8,spontaneous,3,108.0,0,50,28.655416666666667,2447.0,50.20346637278991
sub07,test,8,spontaneous,3,108.0,0,51,29.083645833333332,651.0,40.94464116478055
sub07,test,8,spontaneous,3,108.0,0,52,29.491479166666668,2049.0,48.73646499135745
sub07,test,9,spontaneous,3,108.0,0,0,0.44295833333333334,12.0,6.758037918473705
sub07,test,9,spontaneous,3,108.0,0,1,0.633,3130.0,52.64075285242835
sub07,test,9,spontaneous,3,108.0,0,2,1.1872708333333333,329.0,31.718214908677997
sub07,test,9,spontaneous,3,108.0,0,3,1.7227291666666666,314.0,32.88932165410501
sub07,test,9,spontaneous,3,108.0,0,4,2.2281875,2928.0,52.45747761336344
sub07,test,9,spontaneous,3,108.0,0,5,2.816291666666667,313.0,32.84422743504573
sub07,test,9,spontaneous,3,108.0,0,6,3.3425208333333334,323.0,32.90433304892498
sub07,test,9,spontaneous,3,108.0,0,7,4.092833333333333,24.0,14.76598177965389
sub07,test,9,spontaneous,3,108.0,0,8,4.596895833333333,17.0,8.310873255714421
sub07,test,9,spontaneous,3,108.0,0,9,5.078354166666666,19.0,9.94964469395657
sub07,test,9,spontaneous,3,108.0,0,10,5.6022083333333335,3059.0,52.240893390577135
sub07,test,9,spontaneous,3,108.0,0,11,6.195375,259.0,29.55795281929798
sub07,test,9,spontaneous,3,108.0,0,12,6.732208333333333,143.0,26.17598744530727
sub07,test,9,spontaneous,3,108.0,0,13,7.2660833333333334,3802.0,53.92656811400073
sub07,test,9,spontaneous,3,108.0,0,14,7.8040625,246.0,31.466636797589487
sub07,test,9,spontaneous,3,108.0,0,15,8.378833333333333,165.0,27.4282165227806
sub07,test,9,spontaneous,3,108.0,0,16,8.917770833333334,3832.0,54.654158953246025
sub07,test,9,spontaneous,3,108.0,0,17,9.462916666666667,820.0,40.98268819236823
sub07,test,9,spontaneous,3,108.0,0,18,10.015041666666667,168.0,27.12150850968296
sub07,test,9,spontaneous,3,108.0,0,19,10.791645833333334,52.0,18.230891420041246
sub07,test,9,spontaneous,3,108.0,0,20,11.490416666666667,272.0,32.26638385745196
sub07,test,9,spontaneous,3,108.0,0,21,12.078958333333333,3550.0,53.39892399498161
sub07,test,9,spontaneous,3,108.0,0,22,12.560458333333333,244.0,30.394237590405268
sub07,test,9,spontaneous,3,108.0,0,23,13.023375,250.0,31.956166002761904
sub07,test,9,spontaneous,3,108.0,0,24,13.556416666666667,3887.0,55.58743453156662
sub07,test,9,spontaneous,3,108.0,0,25,14.048354166666666,235.0,30.329286368009672
sub07,test,9,spontaneous,3,108.0,0,26,14.561791666666666,296.0,32.73337318117197
sub07,test,9,spontaneous,3,108.0,0,27,15.073854166666667,3069.0,53.1301539145883
sub07,test,9,spontaneous,3,108.0,0,28,15.632583333333333,118.0,25.377780064938733
sub07,test,9,spontaneous,3,108.0,0,29,16.171479166666668,777.0,38.51076590052948
sub07,test,9,spontaneous,3,108.0,0,30,16.745354166666665,3297.0,53.29380725633345
sub07,test,9,spontaneous,3,108.0,0,31,17.264791666666667,213.0,30.317834003715035
sub07,test,9,spontaneous,3,108.0,0,32,17.80516666666667,316.0,33.359862382700655
sub07,test,9,spontaneous,3,108.0,0,33,18.415145833333334,3405.0,53.517523817843085
sub07,test,9,spontaneous,3,108.0,0,34,18.9486875,186.0,28.054409129251674
sub07,test,9,spontaneous,3,108.0,0,35,19.504020833333332,1116.0,43.74882833291665
sub07,test,9,spontaneous,3,108.0,0,36,20.069229166666666,3486.0,54.99063008982545
sub07,test,9,spontaneous,3,108.0,0,37,20.612270833333334,228.0,29.28347480811763
sub07,test,9,spontaneous,3,108.0,0,38,21.153520833333335,830.0,38.790984292913954
sub07,test,9,spontaneous,3,108.0,0,39,21.728166666666667,3626.0,53.76684103264489
sub07,test,9,spontaneous,3,108.0,0,40,22.257958333333335,318.0,35.98253688345901
sub07,test,9,spontaneous,3,108.0,0,41,22.903416666666665,22.0,10.773174264694426
sub07,test,9,spontaneous,3,108.0,0,42,23.738520833333332,100.0,23.709151136534675
sub07,test,9,spontaneous,3,108.0,0,43,24.193083333333334,212.0,30.457781190586424
sub07,test,9,spontaneous,3,108.0,0,44,24.671583333333334,3249.0,52.479951986335266
sub07,test,9,spontaneous,3,108.0,0,45,25.165270833333334,395.0,36.92630060483334
sub07,test,9,spontaneous,3,108.0,0,46,25.672395833333333,616.0,35.6825568147831
sub07,test,9,spontaneous,3,108.0,0,47,26.18220833333333,3788.0,55.62644035772179
sub07,test,9,spontaneous,3,108.0,0,48,26.719479166666666,255.0,31.474388484438126
sub07,test,9,spontaneous,3,108.0,0,49,27.3138125,463.0,34.54706634165521
sub07,test,9,spontaneous,3,108.0,0,50,27.894604166666667,4279.0,55.16370466947387
sub07,test,9,spontaneous,3,108.0,0,51,28.393854166666667,140.0,26.02244678004268
sub07,test,9,spontaneous,3,108.0,0,52,28.9755,781.0,38.30967922673771
sub07,test,9,spontaneous,3,108.0,0,53,29.534583333333334,3816.0,54.25830223403527
sub07,test,10,spontaneous,3,104.0,0,0,0.39366666666666666,2611.0,50.538456089259455
sub07,test,10,spontaneous,3,104.0,0,1,0.8605208333333333,266.0,31.42008396092269
sub07,test,10,spontaneous,3,104.0,0,2,1.2888333333333333,362.0,34.78026799190694
sub07,test,10,spontaneous,3,104.0,0,3,1.8195208333333333,2941.0,53.72786539890179
sub07,test,10,spontaneous,3,104.0,0,4,2.3398541666666666,241.0,30.292780662025898
sub07,test,10,spontaneous,3,104.0,0,5,2.877125,248.0,30.936847700160005
sub07,test,10,spontaneous,3,104.0,0,6,3.4736875,4119.0,55.795133237473436
sub07,test,10,spontaneous,3,104.0,0,7,4.210083333333333,17.0,8.524884652786731
sub07,test,10,spontaneous,3,104.0,0,8,4.846145833333333,28.0,14.053677071973604
sub07,test,10,spontaneous,3,104.0,0,9,5.561395833333333,3678.0,56.01727622113418
sub07,test,10,spontaneous,3,104.0,0,10,6.036458333333333,182.0,27.614381253983783
sub07,test,10,spontaneous,3,104.0,0,11,6.560333333333333,342.0,34.1016729380923
sub07,test,10,spontaneous,3,104.0,0,12,7.085416666666666,3652.0,54.4647206828816
sub07,test,10,spontaneous,3,104.0,0,13,7.5980625,294.0,31.603228164349304
sub07,test,10,spontaneous,3,104.0,0,14,8.099416666666666,262.0,31.883502890536985
sub07,test,10,spontaneous,3,104.0,0,15,9.051291666666666,267.0,31.226197117941435
sub07,test,10,spontaneous,3,104.0,0,16,9.546208333333333,296.0,32.0451319547193
sub07,test,10,spontaneous,3,104.0,0,17,9.955541666666667,3348.0,53.9175036976069
sub07,test,10,spontaneous,3,104.0,0,18,10.444604166666666,199.0,27.681404697431105
sub07,test,10,spontaneous,3,104.0,0,19,11.366041666666666,3391.0,53.31169425821865
sub07,test,10,spontaneous,3,104.0,0,20,11.85175,182.0,27.754789708034714
sub07,test,10,spontaneous,3,104.0,0,21,12.318041666666666,366.0,32.50831533075167
sub07,test,10,spontaneous,3,104.0,0,22,12.739270833333334,2447.0,50.629579697493355
sub07,test,10,spontaneous,3,104.0,0,23,13.397333333333334,29.0,13.374037922974262
sub07,test,10,spontaneous,3,104.0,0,24,14.242708333333333,378.0,34.10296174476485
sub07,test,10,spontaneous,3,104.0,0,25,14.803041666666667,3383.0,54.85164978265373
sub07,test,10,spontaneous,3,104.0,0,26,15.32325,260.0,29.783913591291924
sub07,test,10,spontaneous,3,104.0,0,27,15.813729166666667,2205.0,47.91931136040467
sub07,test,10,spontaneous,3,104.0,0,28,16.434458333333332,401.0,37.809178827935604
sub07,test,10,spontaneous,3,104.0,0,29,16.8600625,4117.0,55.31981300043792
sub07,test,10,spontaneous,3,104.0,0,30,17.364083333333333,151.0,26.80305919735445
sub07,test,10,spontaneous,3,104.0,0,31,17.875916666666665,4069.0,57.07094921940098
sub07,test,10,spontaneous,3,104.0,0,32,18.8995625,3715.0,55.72981404600686
sub07,test,10,spontaneous,3,104.0,0,33,19.42385416666667,192.0,28.49640753380591
sub07,test,10,spontaneous,3,104.0,0,34,19.921770833333333,3967.0,56.0500370744988
sub07,test,10,spontaneous,3,104.0,0,35,20.392479166666668,215.0,29.474167016105234
sub07,test,10,spontaneous,3,104.0,0,36,20.908333333333335,3005.0,52.3238545555385
sub07,test,10,spontaneous,3,104.0,0,37,21.4008125,145.0,24.45450676995625
sub07,test,10,spontaneous,3,104.0,0,38,22.0348125,66.0,22.827904187733413
sub07,test,10,spontaneous,3,104.0,0,39,22.854125,3365.0,54.73883075990369
sub07,test,10,spontaneous,3,104.0,0,40,23.4249375,269.0,29.336921683564896
sub07,test,10,spontaneous,3,104.0,0,41,23.8406875,3746.0,53.97746583923166
sub07,test,10,spontaneous,3,104.0,0,42,24.346979166666667,210.0,28.29722227476112
sub07,test,10,spontaneous,3,104.0,0,43,24.862541666666665,3958.0,54.560719950000475
sub07,test,10,spontaneous,3,104.0,0,44,25.388458333333332,681.0,36.28994532918318
sub07,test,10,spontaneous,3,104.0,0,45,26.394791666666666,177.0,29.004490632821074
sub07,test,10,spontaneous,3,104.0,0,46,26.8683125,2863.0,52.2532615626629
sub07,test,10,spontaneous,3,104.0,0,47,27.428104166666667,261.0,31.13896950844973
sub07,test,10,spontaneous,3,104.0,0,48,27.909229166666666,2277.0,49.18054427163614
sub07,test,10,spontaneous,3,104.0,0,49,28.415958333333332,91.0,21.957959072603778
sub07,test,10,spontaneous,3,104.0,0,50,28.900854166666665,3018.0,51.53533629004504
sub07,test,10,spontaneous,3,104.0,0,51,29.44075,77.0,21.67175747426373
sub07,test,11,cued,2,112.0,16,0,0.12195833333333334,3.0,-1.9128275795075256
sub07,test,11,cued,2,112.0,16,1,0.6535416666666667,3280.0,54.76249802504398
sub07,test,11,cued,2,112.0,16,2,1.1314791666666666,162.0,27.19300205636678
sub07,test,11,cued,2,112.0,16,3,1.6350416666666667,3558.0,55.24350622847406
sub07,test,11,cued,2,112.0,16,4,2.1901458333333332,161.0,27.27332802587827
sub07,test,11,cued,2,112.0,16,5,2.686375,2814.0,51.7630610325978
sub07,test,11,cued,2,112.0,16,6,3.625375,3088.0,53.01239275171948
sub07,test,11,cued,2,112.0,16,7,4.117166666666667,83.0,21.463218738791365
sub07,test,11,cued,2,112.0,16,8,4.555291666666666,3238.0,51.916393763235334
sub07,test,11,cued,2,112.0,16,9,5.081395833333334,55.0,17.605481291587633
sub07,test,11,cued,2,112.0,16,10,5.463729166666667,3081.0,52.01080990628631
sub07,test,11,cued,2,112.0,16,11,6.0058125,96.0,23.273305481984117
sub07,test,11,cued,2,112.0,16,12,6.453604166666667,2602.0,50.30441223006342
sub07,test,11,cued,2,112.0,16,13,7.015333333333333,81.0,21.577714697334102
sub07,test,11,cued,2,112.0,16,14,7.648041666666667,8.0,8.134697878296755
sub07,test,11,cued,2,112.0,16,15,8.095645833333334,126.0,26.59308628845562
sub07,test,11,cued,2,112.0,16,16,8.707708333333333,7.0,4.565347239378849
sub07,test,11,cued,2,112.0,16,17,9.479354166666667,3712.0,55.19207013885183
sub07,test,11,cued,2,112.0,16,18,9.9713125,168.0,27.475089111807133
sub07,test,11,cued,2,112.0,16,19,10.369729166666668,3085.0,52.07254200852512
sub07,test,11,cued,2,112.0,16,20,10.8150625,1298.0,45.14350030253652
sub07,test,11,cued,2,112.0,16,21,11.377145833333334,2472.0,49.509436394160375
sub07,test,11,cued,2,112.0,16,22,11.898625,252.0,30.253382995691496
sub07,test,11,cued,2,112.0,16,23,12.363666666666667,3395.0,52.40446574796758
sub07,test,11,cued,2,112.0,16,24,13.120875,16.0,9.675414763126739
sub07,test,11,cued,2,112.0,16,25,13.527625,9.0,9.952389821931614
sub07,test,11,cued,2,112.0,16,26,14.280020833333333,2492.0,49.65715700060098
sub07,test,11,cued,2,112.0,16,27,14.819833333333333,192.0,28.177535377547386
sub07,test,11,cued,2,112.0,16,28,15.242104166666667,2832.0,50.59287810312923
sub07,test,11,cued,2,112.0,16,29,15.7384375,68.0,19.982108869837084
sub07,test,11,cued,2,112.0,16,30,16.164375,2525.0,49.380028695701974
sub07,test,11,cued,2,112.0,16,31,16.698666666666668,100.0,22.0958761429031
sub07,test,11,cued,2,112.0,16,32,17.148645833333333,2880.0,50.73875226924767
sub07,test,11,cued,2,112.0,16,33,17.8325,17.0,9.524964646366175
sub07,test,11,cued,2,112.0,16,34,18.527395833333333,3454.0,52.9945742018883
sub07,test,11,cued,2,112.0,16,35,19.024854166666668,175.0,26.774599327405074
sub07,test,11,cued,2,112.0,16,36,19.470395833333335,1081.0,42.442163510672984
sub07,test,11,cued,2,112.0,16,37,19.9288125,3166.0,52.010108561510684
sub07,test,11,cued,2,112.0,16,38,20.404895833333335,141.0,24.63194928785198
sub07,test,11,cued,2,112.0,16,39,21.258333333333333,3239.0,52.1410280256472
sub07,test,11,cued,2,112.0,16,40,21.769791666666666,228.0,29.284339054159034
sub07,test,11,cued,2,112.0,16,41,22.199708333333334,271.0,30.84397519141149
sub07,test,11,cued,2,112.0,16,42,22.642208333333333,3484.0,52.98822835693984
sub07,test,11,cued,2,112.0,16,43,23.109416666666668,166.0,26.067462592207775
sub07,test,11,cued,2,112.0,16,44,23.604375,226.0,31.078308551222285
sub07,test,11,cued,2,112.0,16,45,24.1618125,3730.0,53.58677577066373
sub07,test,11,cued,2,112.0,16,46,24.649958333333334,480.0,39.38377070313513
sub07,test,11,cued,2,112.0,16,47,25.5590625,3443.0,53.319664974698426
sub07,test,11,cued,2,112.0,16,48,26.021020833333335,601.0,36.03684798447449
sub07,test,11,cued,2,112.0,16,49,26.4488125,451.0,33.26586310379448
sub07,test,11,cued,2,112.0,16,50,26.897583333333333,3336.0,52.2678997125912
sub07,test,11,cued,2,112.0,16,51,27.3751875,239.0,31.169318128855544
sub07,test,11,cued,2,112.0,16,52,27.998083333333334,20.0,11.62178427829331
sub07,test,11,cued,2,112.0,16,53,28.426270833333334,3523.0,52.97777330112645
sub07,test,11,cued,2,112.0,16,54,28.987979166666666,178.0,29.29128589401401
sub07,test,11,cued,2,112.0,16,55,29.523270833333335,248.0,31.813921538158546
sub07,test,12,cued,3,112.0,18,0,0.405125,2488.0,49.87151246493191
sub07,test,12,cued,3,112.0,18,1,0.8815625,126.0,26.56934932947766
sub07,test,12,cued,3,112.0,18,2,1.2765,193.0,29.82176346420691
sub07,test,12,cued,3,112.0,18,3,1.695,3786.0,53.4512941341371
sub07,test,12,cued,3,112.0,18,4,2.2221041666666665,997.0,42.449107091054714
sub07,test,12,cued,3,112.0,18,5,2.7839375,260.0,32.31240857284325
sub07,test,12,cued,3,112.0,18,6,3.2706875,3952.0,53.207746362361846
sub07,test,12,cued,3,112.0,18,7,3.7938125,903.0,43.59951086531862
sub07,test,12,cued,3,112.0,18,8,4.3770625,670.0,36.89698412097734
sub07,test,12,cued,3,112.0,18,9,4.859625,3360.0,52.34857999569115
sub07,test,12,cued,3,112.0,18,10,5.380208333333333,753.0,43.003373470991974
sub07,test,12,cued,3,112.0,18,11,5.965583333333333,241.0,30.855296558975112
sub07,test,12,cued,3,112.0,18,12,6.449333333333334,3531.0,52.83860973881279
sub07,test,12,cued,3,112.0,18,13,7.010041666666667,562.0,40.22801092904841
sub07,test,12,cued,3,112.0,18,14,7.5844375,908.0,42.80266042540585
sub07,test,12,cued,3,112.0,18,15,8.069645833333333,4014.0,54.922307067138114
sub07,test,12,cued,3,112.0,18,16,8.587729166666668,995.0,43.23894269817434
sub07,test,12,cued,3,112.0,18,17,9.131625,1198.0,44.04986956017999
sub07,test,12,cued,3,112.0,18,18,9.664729166666667,3649.0,54.03754728386643
sub07,test,12,cued,3,112.0,18,19,10.242520833333334,129.0,26.598878216464602
sub07,test,12,cued,3,112.0,18,20,10.794458333333333,792.0,40.4848488233008
sub07,test,12,cued,3,112.0,18,21,11.275479166666667,3243.0,52.081337361031856
sub07,test,12,cued,3,112.0,18,22,11.824625,652.0,40.65919010863874
sub07,test,12,cued,3,112.0,18,23,12.447791666666667,225.0,31.08855480339104
sub07,test,12,cued,3,112.0,18,24,12.919145833333333,3359.0,52.54827037746635
sub07,test,12,cued,3,112.0,18,25,13.445791666666667,457.0,36.09214991700445
sub07,test,12,cued,3,112.0,18,26,14.0156875,687.0,39.94578577135827
sub07,test,12,cued,3,112.0,18,27,14.470458333333333,3918.0,54.88085020176288
sub07,test,12,cued,3,112.0,18,28,15.015270833333334,699.0,41.29927343255626
sub07,test,12,cued,3,112.0,18,29,15.5769375,842.0,41.7762977344993
sub07,test,12,cued,3,112.0,18,30,16.10258333333333,3114.0,51.9304458947167
sub07,test,12,cued,3,112.0,18,31,16.6525,1369.0,45.04397426083062
sub07,test,12,cued,3,112.0,18,32,17.205708333333334,237.0,29.693155853685024
sub07,test,12,cued,3,112.0,18,33,17.792125,17.0,11.88791818005345
sub07,test,12,cued,3,112.0,18,34,18.311333333333334,18.0,10.066145850156364
sub07,test,12,cued,3,112.0,18,35,18.855208333333334,205.0,28.263232085885974
sub07,test,12,cued,3,112.0,18,36,19.3105625,3138.0,52.63104416284139
sub07,test,12,cued,3,112.0,18,37,20.009083333333333,14.0,9.013902021140492
sub07,test,12,cued,3,112.0,18,38,21.062541666666668,15.0,9.472498675915356
sub07,test,12,cued,3,112.0,18,39,21.976791666666667,1138.0,44.74035472828477
sub07,test,12,cued,3,112.0,18,40,22.553958333333334,2779.0,50.38864690026717
sub07,test,12,cued,3,112.0,18,41,23.042541666666665,883.0,43.10929626466775
sub07,test,12,cued,3,112.0,18,42,23.607583333333334,3308.0,52.0662958617183
sub07,test,12,cued,3,112.0,18,43,24.155583333333333,769.0,42.95314986348109
sub07,test,12,cued,3,112.0,18,44,24.663708333333332,3148.0,51.679908119620386
sub07,test,12,cued,3,112.0,18,45,25.358916666666666,24.0,11.136184379141556
sub07,test,12,cued,3,112.0,18,46,25.837458333333334,12.0,9.121925237397821
sub07,test,12,cued,3,112.0,18,47,26.670583333333333,3204.0,52.30417025819008
sub07,test,12,cued,3,112.0,18,48,27.2074375,936.0,43.12500802167936
sub07,test,12,cued,3,112.0,18,49,27.705166666666667,3062.0,52.31065952730227
sub07,test,12,cued,3,112.0,18,50,28.211625,628.0,41.56017799112003
sub07,test,12,cued,3,112.0,18,51,28.6995,2572.0,49.786280620597424
sub07,test,12,cued,3,112.0,18,52,29.206083333333332,73.0,20.245312748907974
sub07,test,12,cued,3,112.0,18,53,29.60725,2639.0,50.00158377014638
sub07,test,13,cued,2,108.0,18,0,0.4020208333333333,128.0,25.46169795718562
sub07,test,13,cued,2,108.0,18,1,0.8419375,2599.0,49.883306736798055
sub07,test,13,cued,2,108.0,18,2,1.3177916666666667,149.0,27.845459740545223
sub07,test,13,cued,2,108.0,18,3,1.7718541666666667,3003.0,51.775992288285124
sub07,test,13,cued,2,108.0,18,4,2.2681666666666667,405.0,37.85789249922488
sub07,test,13,cued,2,108.0,18,5,2.843729166666667,3324.0,52.740608007478365
sub07,test,13,cued,2,108.0,18,6,3.3916041666666668,789.0,43.28753489053269
sub07,test,13,cued,2,108.0,18,7,3.9904375,8.0,6.399427899267268
sub07,test,13,cued,2,108.0,18,8,4.8585416666666665,2798.0,50.729091408472655
sub07,test,13,cued,2,108.0,18,9,5.301770833333333,177.0,28.435835578313803
sub07,test,13,cued,2,108.0,18,10,5.718354166666667,2479.0,49.48199121464481
sub07,test,13,cued,2,108.0,18,11,6.248208333333333,628.0,41.23038505542712
sub07,test,13,cued,2,108.0,18,12,6.734520833333334,2244.0,48.62532334091636
sub07,test,13,cued,2,108.0,18,13,7.271583333333333,441.0,38.33341044971701
sub07,test,13,cued,2,108.0,18,14,7.914270833333333,10.0,6.690714033055297
sub07,test,13,cued,2,108.0,18,15,8.7049375,2358.0,49.00846253600304
sub07,test,13,cued,2,108.0,18,16,9.235729166666667,437.0,38.26027535492935
sub07,test,13,cued,2,108.0,18,17,9.674520833333334,2298.0,48.5273864306516
sub07,test,13,cued,2,108.0,18,18,10.257854166666666,65.0,20.089046152166418
sub07,test,13,cued,2,108.0,18,19,10.66325,2538.0,50.121534781635894
sub07,test,13,cued,2,108.0,18,20,11.173,147.0,26.661479810936793
sub07,test,13,cued,2,108.0,18,21,11.7251875,2558.0,49.74597905348331
sub07,test,13,cued,2,108.0,18,22,12.3204375,113.0,24.497001181823094
sub07,test,13,cued,2,108.0,18,23,12.825708333333333,2796.0,51.41967428009073
sub07,test,13,cued,2,108.0,18,24,13.3660625,490.0,39.14426610755132
sub07,test,13,cued,2,108.0,18,25,14.068333333333333,7.0,3.559195557651282
sub07,test,13,cued,2,108.0,18,26,14.890229166666666,2353.0,48.8744988764768
sub07,test,13,cued,2,108.0,18,27,15.409520833333334,49.0,17.99216064500857
sub07,test,13,cued,2,108.0,18,28,15.826833333333333,2086.0,48.71355592050406
sub07,test,13,cued,2,108.0,18,29,16.342770833333333,75.0,21.145855032443354
sub07,test,13,cued,2,108.0,18,30,16.778395833333335,2577.0,49.86140395080045
sub07,test,13,cued,2,108.0,18,31,17.301416666666668,397.0,37.523323865610195
sub07,test,13,cued,2,108.0,18,32,17.842458333333333,2539.0,49.49511467409785
sub07,test,13,cued,2,108.0,18,33,18.37322916666667,553.0,40.05823901817059
sub07,test,13,cued,2,108.0,18,34,18.9241875,2573.0,49.61792765023375
sub07,test,13,cued,2,108.0,18,35,19.616833333333332,22.0,9.923325590474642
sub07,test,13,cued,2,108.0,18,36,20.353375,3265.0,52.582196960615654
sub07,test,13,cued,2,108.0,18,37,20.811979166666667,122.0,24.654179670672995
sub07,test,13,cued,2,108.0,18,38,21.305041666666668,230.0,30.736593001997477
sub07,test,13,cued,2,108.0,18,39,21.725,3452.0,53.65667879284211
sub07,test,13,cued,2,108.0,18,40,22.253583333333335,616.0,40.9735459942861
sub07,test,13,cued,2,108.0,18,41,22.788833333333333,164.0,27.894000123027972
sub07,test,13,cued,2,108.0,18,42,23.408541666666668,3336.0,53.028738917329825
sub07,test,13,cued,2,108.0,18,43,23.936791666666668,255.0,30.491334605769293
sub07,test,13,cued,2,108.0,18,44,24.517291666666665,578.0,35.628735185036675
sub07,test,13,cued,2,108.0,18,45,25.016666666666666,2948.0,52.012582572497095
sub07,test,13,cued,2,108.0,18,46,25.598,161.0,27.03642995160184
sub07,test,13,cued,2,108.0,18,47,26.132458333333332,520.0,36.46785213825331
sub07,test,13,cued,2,108.0,18,48,26.794020833333335,12.0,8.447963418556125
sub07,test,13,cued,2,108.0,18,49,27.387854166666667,21.0,11.011836069917727
sub07,test,13,cued,2,108.0,18,50,27.806583333333332,161.0,27.15176655425703
sub07,test,13,cued,2,108.0,18,51,28.471020833333334,53.0,20.27513824767178
sub07,test,13,cued,2,108.0,18,52,28.936916666666665,448.0,38.57669773036788
sub07,test,13,cued,2,108.0,18,53,29.519145833333333,213.0,30.371533178424137
sub07,test,14,spontaneous,2,104.0,0,0,0.3569375,3007.0,51.51244863626785
sub07,test,14,spontaneous,2,104.0,0,1,0.752875,120.0,25.696047176058904
sub07,test,14,spontaneous,2,104.0,0,2,1.3942916666666667,1977.0,47.55459632989927
sub07,test,14,spontaneous,2,104.0,0,3,1.9061458333333334,588.0,40.86778892681736
sub07,test,14,spontaneous,2,104.0,0,4,2.357291666666667,2543.0,50.620905660388864
sub07,test,14,spontaneous,2,104.0,0,5,2.8924375,143.0,26.27992775042219
sub07,test,14,spontaneous,2,104.0,0,6,3.520875,2711.0,50.450526180658166
sub07,test,14,spontaneous,2,104.0,0,7,4.101833333333333,147.0,27.545850856969327
sub07,test,14,spontaneous,2,104.0,0,8,5.418729166666667,51.0,17.28263576499686
sub07,test,14,spontaneous,2,104.0,0,9,5.778333333333333,2833.0,52.113798193239084
sub07,test,14,spontaneous,2,104.0,0,10,6.393979166666667,177.0,27.968334527691738
sub07,test,14,spontaneous,2,104.0,0,11,6.946229166666667,2206.0,48.724015749827025
sub07,test,14,spontaneous,2,104.0,0,12,7.5245625,494.0,39.26511041765005
sub07,test,14,spontaneous,2,104.0,0,13,8.075916666666666,2754.0,50.800945904632506
sub07,test,14,spontaneous,2,104.0,0,14,8.722270833333333,208.0,29.57087250948568
sub07,test,14,spontaneous,2,104.0,0,15,9.241354166666667,2580.0,49.82402217913686
sub07,test,14,spontaneous,2,104.0,0,16,9.867583333333334,568.0,40.62371522891439
sub07,test,14,spontaneous,2,104.0,0,17,10.432708333333334,3179.0,52.82099244043954
sub07,test,14,spontaneous,2,104.0,0,18,11.017833333333334,97.0,24.14003687510673
sub07,test,14,spontaneous,2,104.0,0,19,11.5268125,2548.0,49.6807638229491
sub07,test,14,spontaneous,2,104.0,0,20,12.184645833333333,137.0,24.940434155585667
sub07,test,14,spontaneous,2,104.0,0,21,12.7226875,2802.0,51.8346195671693
sub07,test,14,spontaneous,2,104.0,0,22,13.409479166666667,18.0,9.854950834987072
sub07,test,14,spontaneous,2,104.0,0,23,14.214729166666666,2886.0,52.164385854248195
sub07,test,14,spontaneous,2,104.0,0,24,14.697583333333334,117.0,25.451171828046576
sub07,test,14,spontaneous,2,104.0,0,25,15.239458333333333,469.0,34.11367954494621
sub07,test,14,spontaneous,2,104.0,0,26,15.656854166666667,2907.0,53.99828018564964
sub07,test,14,spontaneous,2,104.0,0,27,16.1956875,481.0,38.938167233013495
sub07,test,14,spontaneous,2,104.0,0,28,16.7315625,409.0,33.203541770516935
sub07,test,14,spontaneous,2,104.0,0,29,17.359020833333332,2764.0,50.99902943401288
sub07,test,14,spontaneous,2,104.0,0,30,17.957041666666665,172.0,28.60271026874068
sub07,test,14,spontaneous,2,104.0,0,31,18.543291666666665,177.0,28.66740108568976
sub07,test,14,spontaneous,2,104.0,0,32,19.02775,3095.0,51.747885631017034
sub07,test,14,spontaneous,2,104.0,0,33,19.6164375,714.0,38.10534753175339
sub07,test,14,spontaneous,2,104.0,0,34,20.246333333333332,169.0,28.516150169356752
sub07,test,14,spontaneous,2,104.0,0,35,20.7654375,2398.0,49.03907680869956
sub07,test,14,spontaneous,2,104.0,0,36,21.463875,19.0,9.020331252246601
sub07,test,14,spontaneous,2,104.0,0,37,21.972729166666667,233.0,31.124821127686015
sub07,test,14,spontaneous,2,104.0,0,38,22.615520833333335,25.0,13.5634460545103
sub07,test,14,spontaneous,2,104.0,0,39,23.0881875,195.0,29.677416287923744
sub07,test,14,spontaneous,2,104.0,0,40,23.698895833333335,579.0,36.04825075397626
sub07,test,14,spontaneous,2,104.0,0,41,24.3330625,15.0,6.745294526645409
sub07,test,14,spontaneous,2,104.0,0,42,25.1754375,169.0,28.258023829483992
sub07,test,14,spontaneous,2,104.0,0,43,25.644770833333332,16.0,15.744733795886692
sub07,test,14,spontaneous,2,104.0,0,44,26.6753125,17.0,9.549122003691009
sub07,test,14,spontaneous,2,104.0,0,45,27.1391875,458.0,34.203400812841515
sub07,test,14,spontaneous,2,104.0,0,46,27.803520833333334,2.0,-0.9766465174163798
sub07,test,14,spontaneous,2,104.0,0,47,28.38383333333333,21.0,10.026759203277125
sub07,test,14,spontaneous,2,104.0,0,48,28.948375,258.0,29.608316807398754
sub07,test,14,spontaneous,2,104.0,0,49,29.565354166666665,13.0,4.822183143944029
sub07,test,15,spontaneous,3,104.0,0,0,0.09997916666666666,0.0,-160.0
sub07,test,15,spontaneous,3,104.0,0,1,0.7518125,815.0,40.44519345197541
sub07,test,15,spontaneous,3,104.0,0,2,1.2886875,1228.0,43.78021137018507
sub07,test,15,spontaneous,3,104.0,0,3,1.8962291666666666,92.0,22.97489980391355
sub07,test,15,spontaneous,3,104.0,0,4,2.4307708333333333,103.0,24.105206568145434
sub07,test,15,spontaneous,3,104.0,0,5,2.9190625,3385.0,52.99040876952448
sub07,test,15,spontaneous,3,104.0,0,6,3.6684791666666667,12.0,5.139201326936709
sub07,test,15,spontaneous,3,104.0,0,7,4.0954375,175.0,29.35015411174524
sub07,test,15,spontaneous,3,104.0,0,8,4.6622916666666665,2521.0,51.768423387806884
sub07,test,15,spontaneous,3,104.0,0,9,5.22575,136.0,24.65465471915119
sub07,test,15,spontaneous,3,104.0,0,10,5.857166666666667,142.0,27.101608676325203
sub07,test,15,spontaneous,3,104.0,0,11,6.369916666666667,2530.0,49.94920988953262
sub07,test,15,spontaneous,3,104.0,0,12,7.0339583333333335,122.0,25.86260585856575
sub07,test,15,spontaneous,3,104.0,0,13,7.5965,170.0,26.224284684148916
sub07,test,15,spontaneous,3,104.0,0,14,8.1378125,2677.0,49.322069698993076
sub07,test,15,spontaneous,3,104.0,0,15,8.697791666666667,172.0,27.213754618389665
sub07,test,15,spontaneous,3,104.0,0,16,9.3259375,119.0,25.97151063183403
sub07,test,15,spontaneous,3,104.0,0,17,9.834270833333333,2401.0,49.92764174051051
sub07,test,15,spontaneous,3,104.0,0,18,10.4281875,75.0,21.74067887847855
sub07,test,15,spontaneous,3,104.0,0,19,11.069979166666666,108.0,24.103952423449382
sub07,test,15,spontaneous,3,104.0,0,20,11.575020833333333,3136.0,52.376416454738205
sub07,test,15,spontaneous,3,104.0,0,21,12.15,486.0,39.28974007307517
sub07,test,15,spontaneous,3,104.0,0,22,12.737020833333334,133.0,26.630999398353303
sub07,test,15,spontaneous,3,104.0,0,23,13.272979166666667,2043.0,48.272411981558996
sub07,test,15,spontaneous,3,104.0,0,24,13.934833333333334,94.0,21.97146495929184
sub07,test,15,spontaneous,3,104.0,0,25,14.528020833333333,315.0,35.51667243359911
sub07,test,15,spontaneous,3,104.0,0,26,14.994104166666666,2733.0,51.02782837136594
sub07,test,15,spontaneous,3,104.0,0,27,15.580916666666667,145.0,27.521423853349397
sub07,test,15,spontaneous,3,104.0,0,28,16.206625,92.0,23.222896608241662
sub07,test,15,spontaneous,3,104.0,0,29,16.769166666666667,2006.0,47.18078427309134
sub07,test,15,spontaneous,3,104.0,0,30,17.385645833333335,46.0,17.05750896954903
sub07,test,15,spontaneous,3,104.0,0,31,18.019479166666667,97.0,23.518472849940583
sub07,test,15,spontaneous,3,104.0,0,32,18.551395833333334,2243.0,48.049835038977804
sub07,test,15,spontaneous,3,104.0,0,33,19.104,110.0,24.541532904323017
sub07,test,15,spontaneous,3,104.0,0,34,19.70125,131.0,25.944946043402453
sub07,test,15,spontaneous,3,104.0,0,35,20.208291666666668,2478.0,49.186124042482234
sub07,test,15,spontaneous,3,104.0,0,36,20.813291666666668,135.0,26.38036284065045
sub07,test,15,spontaneous,3,104.0,0,37,21.784645833333332,3169.0,54.300332539511544
sub07,test,15,spontaneous,3,104.0,0,38,22.335145833333332,97.0,23.337732368724176
sub07,test,15,spontaneous,3,104.0,0,39,22.940979166666665,2643.0,50.84256220327604
sub07,test,15,spontaneous,3,104.0,0,40,23.455791666666666,883.0,42.580874496152234
sub07,test,15,spontaneous,3,104.0,0,41,23.975583333333333,2084.0,47.49378022980061
sub07,test,15,spontaneous,3,104.0,0,42,24.478458333333332,57.0,19.117677677650406
sub07,test,15,spontaneous,3,104.0,0,43,24.964479166666667,2582.0,49.97758007475734
sub07,test,15,spontaneous,3,104.0,0,44,25.46902083333333,84.0,22.324013350391493
sub07,test,15,spontaneous,3,104.0,0,45,25.975958333333335,2487.0,50.23866535400614
sub07,test,15,spontaneous,3,104.0,0,46,26.73675,16.0,8.502802554700356
sub07,test,15,spontaneous,3,104.0,0,47,27.2214375,29.0,13.16145147021726
sub07,test,15,spontaneous,3,104.0,0,48,28.044458333333335,1633.0,45.083168868474885
sub07,test,15,spontaneous,3,104.0,0,49,28.4984375,349.0,36.65219775581106
sub07,test,15,spontaneous,3,104.0,0,50,28.968208333333333,2423.0,49.70631359324841
sub07,test,15,spontaneous,3,104.0,0,51,29.477604166666666,109.0,23.790624120416485
sub07,test,16,cued,2,100.0,14,0,0.5857916666666667,132.0,27.581104070731477
sub07,test,16,cued,2,100.0,14,1,1.1946458333333334,2140.0,48.022509417765455
sub07,test,16,cued,2,100.0,14,2,1.8253958333333333,170.0,28.433136858609167
sub07,test,16,cued,2,100.0,14,3,2.4479583333333332,1515.0,45.280524271765444
sub07,test,16,cued,2,100.0,14,4,3.0361041666666666,87.0,22.227363361261446
sub07,test,16,cued,2,100.0,14,5,3.697625,42.0,16.68450631479776
sub07,test,16,cued,2,100.0,14,6,4.463291666666667,48.0,17.199811831679753
sub07,test,16,cued,2,100.0,14,7,4.804083333333334,2343.0,49.29727012921753
sub07,test,16,cued,2,100.0,14,8,5.431041666666666,218.0,29.371712347373602
sub07,test,16,cued,2,100.0,14,9,6.0218125,2296.0,48.500289211981865
sub07,test,16,cued,2,100.0,14,10,6.797770833333334,16.0,7.845380490450443
sub07,test,16,cued,2,100.0,14,11,7.306541666666667,32.0,15.34228884672752
sub07,test,16,cued,2,100.0,14,12,7.8088125,195.0,29.22365342426748
sub07,test,16,cued,2,100.0,14,13,8.4849375,21.0,10.923501943639355
sub07,test,16,cued,2,100.0,14,14,9.4205,2323.0,51.68948636610942
sub07,test,16,cued,2,100.0,14,15,9.947458333333334,110.0,24.393579172722248
sub07,test,16,cued,2,100.0,14,16,10.459770833333334,2022.0,48.81858280501466
sub07,test,16,cued,2,100.0,14,17,10.942708333333334,108.0,24.47929639982445
sub07,test,16,cued,2,100.0,14,18,11.454770833333333,1682.0,46.922398826433394
sub07,test,16,cued,2,100.0,14,19,12.025354166666666,161.0,27.133376777640592
sub07,test,16,cued,2,100.0,14,20,13.0110625,88.0,22.46171902760925
sub07,test,16,cued,2,100.0,14,21,13.50025,1796.0,47.49155483487047
sub07,test,16,cued,2,100.0,14,22,14.071583333333333,137.0,27.755083037827468
sub07,test,16,cued,2,100.0,14,23,14.537854166666667,1585.0,45.55744278167886
sub07,test,16,cued,2,100.0,14,24,15.053375,170.0,27.959943665023314
sub07,test,16,cued,2,100.0,14,25,16.018270833333332,2359.0,49.466301993628775
sub07,test,16,cued,2,100.0,14,26,16.515833333333333,87.0,22.676230687621533
sub07,test,16,cued,2,100.0,14,27,16.991770833333334,100.0,24.210380707873004
sub07,test,16,cued,2,100.0,14,28,17.411708333333333,1960.0,47.92441755979438
sub07,test,16,cued,2,100.0,14,29,18.439875,100.0,24.3741581928315
sub07,test,16,cued,2,100.0,14,30,18.813104166666665,1954.0,48.002886043721055
sub07,test,16,cued,2,100.0,14,31,19.275479166666667,106.0,24.453198124676113
sub07,test,16,cued,2,100.0,14,32,19.828229166666667,150.0,28.063849148785152
sub07,test,16,cued,2,100.0,14,33,20.4361875,2318.0,49.54654541820629
sub07,test,16,cued,2,100.0,14,34,21.015791666666665,152.0,27.44584697112096
sub07,test,16,cued,2,100.0,14,35,21.6161875,218.0,31.00262580413866
sub07,test,16,cued,2,100.0,14,36,22.1969375,2470.0,50.74308474179496
sub07,test,16,cued,2,100.0,14,37,23.215583333333335,165.0,28.185195957437017
sub07,test,16,cued,2,100.0,14,38,23.747416666666666,2282.0,48.88522129559014
sub07,test,16,cued,2,100.0,14,39,24.303354166666665,143.0,27.84639082084891
sub07,test,16,cued,2,100.0,14,40,24.907770833333334,167.0,27.942502892071065
sub07,test,16,cued,2,100.0,14,41,25.404604166666665,1541.0,44.65355273368991
sub07,test,16,cued,2,100.0,14,42,25.93872916666667,743.0,39.533615670590116
sub07,test,16,cued,2,100.0,14,43,26.520520833333332,186.0,27.23390673510788
sub07,test,16,cued,2,100.0,14,44,27.021104166666667,2471.0,49.1814649662556
sub07,test,16,cued,2,100.0,14,45,27.654333333333334,97.0,23.19350447527782
sub07,test,16,cued,2,100.0,14,46,28.245291666666667,376.0,37.33129303718581
sub07,test,16,cued,2,100.0,14,47,28.7778125,2047.0,48.478093540091585
sub07,test,16,cued,2,100.0,14,48,29.563604166666668,19.0,10.63963718895562
sub07,test,17,cued,3,100.0,12,0,0.372125,2145.0,50.602599893423815
sub07,test,17,cued,3,100.0,12,1,0.7559166666666667,89.0,22.885721303462052
sub07,test,17,cued,3,100.0,12,2,1.3004375,201.0,30.713444295567523
sub07,test,17,cued,3,100.0,12,3,1.8861666666666668,3263.0,52.67326204774974
sub07,test,17,cued,3,100.0,12,4,2.418375,634.0,41.387488271623106
sub07,test,17,cued,3,100.0,12,5,3.0851875,787.0,43.017027363474575
sub07,test,17,cued,3,100.0,12,6,3.6136458333333334,2648.0,49.865123238017716
sub07,test,17,cued,3,100.0,12,7,4.179333333333333,388.0,37.475732571249594
sub07,test,17,cued,3,100.0,12,8,4.9130416666666665,169.0,28.187751061902162
sub07,test,17,cued,3,100.0,12,9,5.414458333333333,3042.0,53.79931261506555
sub07,test,17,cued,3,100.0,12,10,6.004583333333334,743.0,42.53621582176485
sub07,test,17,cued,3,100.0,12,11,6.624229166666667,794.0,43.009390708190544
sub07,test,17,cued,3,100.0,12,12,7.243104166666667,3001.0,53.7393206320158
sub07,test,17,cued,3,100.0,12,13,7.806041666666666,363.0,37.04316301954017
sub07,test,17,cued,3,100.0,12,14,8.448895833333333,542.0,40.22730088875939
sub07,test,17,cued,3,100.0,12,15,9.045645833333333,3342.0,53.05634467378138
sub07,test,17,cued,3,100.0,12,16,9.6231875,810.0,41.256747393765075
sub07,test,17,cued,3,100.0,12,17,10.2774375,93.0,22.956205436039067
sub07,test,17,cued,3,100.0,12,18,10.941125,2396.0,48.67750852260501
sub07,test,17,cued,3,100.0,12,19,11.499645833333334,92.0,21.719660375230212
sub07,test,17,cued,3,100.0,12,20,12.068,144.0,27.638619671484165
sub07,test,17,cued,3,100.0,12,21,12.671229166666667,3035.0,51.60023341258868
sub07,test,17,cued,3,100.0,12,22,13.208125,262.0,34.02883711773598
sub07,test,17,cued,3,100.0,12,23,13.844979166666667,571.0,40.333403624935926
sub07,test,17,cued,3,100.0,12,24,14.506229166666667,2871.0,53.45930311225003
sub07,test,17,cued,3,100.0,12,25,15.086291666666666,380.0,37.17550946945234
sub07,test,17,cued,3,100.0,12,26,15.674020833333334,110.0,24.304994539707096
sub07,test,17,cued,3,100.0,12,27,16.2525,2799.0,51.336009412565886
sub07,test,17,cued,3,100.0,12,28,16.8094375,311.0,35.739690143903836
sub07,test,17,cued,3,100.0,12,29,17.420791666666666,479.0,39.36561178015243
sub07,test,17,cued,3,100.0,12,30,17.988166666666668,3024.0,51.785130007310045
sub07,test,17,cued,3,100.0,12,31,18.660020833333334,96.0,22.03922016880783
sub07,test,17,cued,3,100.0,12,32,19.277645833333334,100.0,23.69732383242119
sub07,test,17,cued,3,100.0,12,33,19.965895833333335,2069.0,48.04712999369205
sub07,test,17,cued,3,100.0,12,34,20.5184375,105.0,23.874985841064476
sub07,test,17,cued,3,100.0,12,35,21.201791666666665,12.0,4.5632385018676285
sub07,test,17,cued,3,100.0,12,36,21.626354166666665,165.0,27.89072700312388
sub07,test,17,cued,3,100.0,12,37,22.205854166666665,2078.0,47.75252023374331
sub07,test,17,cued,3,100.0,12,38,22.8373125,157.0,27.002589095372326
sub07,test,17,cued,3,100.0,12,39,23.399,2231.0,49.14160476538407
sub07,test,17,cued,3,100.0,12,40,24.207208333333334,19.0,10.647179057359054
sub07,test,17,cued,3,100.0,12,41,24.664479166666666,25.0,9.757508377470746
sub07,test,17,cued,3,100.0,12,42,25.5531875,1701.0,46.98555230027254
sub07,test,17,cued,3,100.0,12,43,26.175604166666666,177.0,28.443399484909445
sub07,test,17,cued,3,100.0,12,44,26.728291666666667,1666.0,46.069942494838955
sub07,test,17,cued,3,100.0,12,45,27.200520833333332,313.0,35.93797474377273
sub07,test,17,cued,3,100.0,12,46,27.700770833333333,1999.0,50.0472949163624
sub07,test,17,cued,3,100.0,12,47,28.259166666666665,361.0,37.16790368819021
sub07,test,17,cued,3,100.0,12,48,28.844479166666666,1309.0,43.879429225827906
sub07,test,17,cued,3,100.0,12,49,29.410395833333332,59.0,18.277954236091727
sub07,test,18,cued,3,100.0,16,0,0.40652083333333333,1992.0,46.96184889627873
sub07,test,18,cued,3,100.0,16,1,0.8128958333333334,110.0,24.860967775698217
sub07,test,18,cued,3,100.0,16,2,1.2775416666666666,2123.0,48.36931449890665
sub07,test,18,cued,3,100.0,16,3,1.8889375,136.0,25.666616855770066
sub07,test,18,cued,3,100.0,16,4,2.455208333333333,2293.0,48.87322341870003
sub07,test,18,cued,3,100.0,16,5,3.0512083333333333,283.0,32.23538302582338
sub07,test,18,cued,3,100.0,16,6,3.786125,2667.0,50.63562264564199
sub07,test,18,cued,3,100.0,16,7,4.4195,113.0,24.51327942148164
sub07,test,18,cued,3,100.0,16,8,4.9269375,2129.0,48.622887924741526
sub07,test,18,cued,3,100.0,16,9,5.5384375,513.0,40.10415630573148
sub07,test,18,cued,3,100.0,16,10,6.066104166666666,2247.0,48.66603191490399
sub07,test,18,cued,3,100.0,16,11,6.633395833333333,246.0,31.01829383962094
sub07,test,18,cued,3,100.0,16,12,7.206041666666667,2332.0,49.70914891907688
sub07,test,18,cued,3,100.0,16,13,7.80925,141.0,26.013340528465783
sub07,test,18,cued,3,100.0,16,14,8.4229375,2366.0,49.852322693968574
sub07,test,18,cued,3,100.0,16,15,9.063208333333334,237.0,30.207812382677936
sub07,test,18,cued,3,100.0,16,16,9.641729166666666,1868.0,46.53876938267067
sub07,test,18,cued,3,100.0,16,17,10.240729166666666,125.0,24.555469518805534
sub07,test,18,cued,3,100.0,16,18,10.824458333333334,2149.0,49.113795950423196
sub07,test,18,cued,3,100.0,16,19,11.862145833333333,1625.0,46.42208447621819
sub07,test,18,cued,3,100.0,16,20,12.3735,127.0,25.406474654952827
sub07,test,18,cued,3,100.0,16,21,12.892083333333334,2424.0,49.95392999373402
sub07,test,18,cued,3,100.0,16,22,13.408270833333333,370.0,37.28411221898187
sub07,test,18,cued,3,100.0,16,23,13.904958333333333,2218.0,51.09234390237763
sub07,test,18,cued,3,100.0,16,24,14.455208333333333,126.0,24.40073433151092
sub07,test,18,cued,3,100.0,16,25,15.033895833333334,1756.0,46.520029897409295
sub07,test,18,cued,3,100.0,16,26,15.635833333333334,116.0,24.80267513364479
sub07,test,18,cued,3,100.0,16,27,16.220708333333334,1907.0,46.61747046233469
sub07,test,18,cued,3,100.0,16,28,16.8481875,214.0,28.343893509675567
sub07,test,18,cued,3,100.0,16,29,17.804020833333333,2416.0,49.434357561801875
sub07,test,18,cued,3,100.0,16,30,18.283291666666667,78.0,21.541893136101184
sub07,test,18,cued,3,100.0,16,31,18.795,99.0,22.31964883886558
sub07,test,18,cued,3,100.0,16,32,19.239375,2466.0,48.959469097650384
sub07,test,18,cued,3,100.0,16,33,19.796895833333334,501.0,39.52465678028624
sub07,test,18,cued,3,100.0,16,34,20.390666666666668,139.0,26.231796311000984
sub07,test,18,cued,3,100.0,16,35,21.063,3105.0,54.14273579677477
sub07,test,18,cued,3,100.0,16,36,21.595083333333335,308.0,35.454742065818785
sub07,test,18,cued,3,100.0,16,37,22.230770833333334,218.0,30.080957448836475
sub07,test,18,cued,3,100.0,16,38,23.235416666666666,299.0,35.19599050481706
sub07,test,18,cued,3,100.0,16,39,23.663145833333335,217.0,29.045055434490617
sub07,test,18,cued,3,100.0,16,40,24.166479166666665,2581.0,50.637353607887505
sub07,test,18,cued,3,100.0,16,41,24.681895833333332,436.0,38.45934887329434
sub07,test,18,cued,3,100.0,16,42,25.294770833333335,144.0,27.061272296928983
sub07,test,18,cued,3,100.0,16,43,25.835833333333333,2442.0,50.15493999029403
sub07,test,18,cued,3,100.0,16,44,26.514208333333332,154.0,26.508792969042617
sub07,test,18,cued,3,100.0,16,45,27.0925625,542.0,40.07939979031002
sub07,test,18,cued,3,100.0,16,46,27.729854166666666,10.0,8.09653221898392
sub07,test,18,cued,3,100.0,16,47,28.354583333333334,17.0,8.599218163312813
sub07,test,18,cued,3,100.0,16,48,28.904833333333332,19.0,11.182601321064581
sub07,test,18,cued,3,100.0,16,49,29.750979166666667,107.0,23.175540976772474
sub07,test,19,spontaneous,2,108.0,0,0,0.14995833333333333,1836.0,46.70446243997837
sub07,test,19,spontaneous,2,108.0,0,1,0.656,106.0,22.845121955873758
sub07,test,19,spontaneous,2,108.0,0,2,1.245125,2809.0,50.39167130729973
sub07,test,19,spontaneous,2,108.0,0,3,1.7891875,1039.0,42.52972455650163
sub07,test,19,spontaneous,2,108.0,0,4,2.3496875,2527.0,49.61336448494908
sub07,test,19,spontaneous,2,108.0,0,5,2.8874791666666666,140.0,26.783267585814443
sub07,test,19,spontaneous,2,108.0,0,6,3.419625,2212.0,48.095086979352345
sub07,test,19,spontaneous,2,108.0,0,7,3.9972916666666665,122.0,25.53927673649646
sub07,test,19,spontaneous,2,108.0,0,8,4.591833333333334,2895.0,51.564254341522954
sub07,test,19,spontaneous,2,108.0,0,9,5.146520833333334,393.0,36.95725740450818
sub07,test,19,spontaneous,2,108.0,0,10,5.683958333333333,2532.0,49.688423574889825
sub07,test,19,spontaneous,2,108.0,0,11,6.232375,826.0,41.04339632713862
sub07,test,19,spontaneous,2,108.0,0,12,6.8259791666666665,2169.0,47.75261678175599
sub07,test,19,spontaneous,2,108.0,0,13,7.369604166666667,320.0,35.7754070627606
sub07,test,19,spontaneous,2,108.0,0,14,7.891979166666666,1881.0,46.56907821007109
sub07,test,19,spontaneous,2,108.0,0,15,8.4005,197.0,31.5471088870689
sub07,test,19,spontaneous,2,108.0,0,16,8.9385,2400.0,48.751424487648734
sub07,test,19,spontaneous,2,108.0,0,17,9.487104166666667,216.0,32.37049528063914
sub07,test,19,spontaneous,2,108.0,0,18,10.027208333333334,2127.0,47.66231279895286
sub07,test,19,spontaneous,2,108.0,0,19,10.634541666666667,434.0,38.09367166533249
sub07,test,19,spontaneous,2,108.0,0,20,11.1184375,2297.0,48.24435329347352
sub07,test,19,spontaneous,2,108.0,0,21,11.6844375,275.0,34.59355415322766
sub07,test,19,spontaneous,2,108.0,0,22,12.333395833333332,22.0,12.468301385420848
sub07,test,19,spontaneous,2,108.0,0,23,13.202041666666666,297.0,34.93928340050365
sub07,test,19,spontaneous,2,108.0,0,24,13.6211875,3010.0,51.234956625339656
sub07,test,19,spontaneous,2,108.0,0,25,14.085395833333333,459.0,38.45962450627382
sub07,test,19,spontaneous,2,108.0,0,26,14.601375,89.0,22.792596654196444
sub07,test,19,spontaneous,2,108.0,0,27,15.113583333333333,3280.0,54.78802077323855
sub07,test,19,spontaneous,2,108.0,0,28,15.690625,309.0,35.585838329238236
sub07,test,19,spontaneous,2,108.0,0,29,16.2616875,552.0,39.92158382720067
sub07,test,19,spontaneous,2,108.0,0,30,16.731375,3387.0,52.38283930679806
sub07,test,19,spontaneous,2,108.0,0,31,17.273458333333334,956.0,44.46227783449335
sub07,test,19,spontaneous,2,108.0,0,32,17.877708333333334,807.0,43.12705132700923
sub07,test,19,spontaneous,2,108.0,0,33,18.435291666666668,2956.0,51.43331488005511
sub07,test,19,spontaneous,2,108.0,0,34,18.933229166666667,738.0,42.25594050481255
sub07,test,19,spontaneous,2,108.0,0,35,19.5425625,418.0,37.6527371735932
sub07,test,19,spontaneous,2,108.0,0,36,20.115166666666667,3828.0,53.75645881177387
sub07,test,19,spontaneous,2,108.0,0,37,20.771479166666666,377.0,36.72859515075791
sub07,test,19,spontaneous,2,108.0,0,38,21.327291666666667,664.0,41.436437201530936
sub07,test,19,spontaneous,2,108.0,0,39,21.7588125,3798.0,54.10556722592342
sub07,test,19,spontaneous,2,108.0,0,40,22.298291666666668,626.0,41.008006053503266
sub07,test,19,spontaneous,2,108.0,0,41,22.868083333333335,491.0,38.907576869667004
sub07,test,19,spontaneous,2,108.0,0,42,23.4225625,3423.0,52.87021379267823
sub07,test,19,spontaneous,2,108.0,0,43,24.007895833333333,497.0,39.144544862795534
sub07,test,19,spontaneous,2,108.0,0,44,24.5525625,547.0,40.0044555655655
sub07,test,19,spontaneous,2,108.0,0,45,25.075395833333335,3374.0,54.9903459552401
sub07,test,19,spontaneous,2,108.0,0,46,25.612979166666666,513.0,38.610444082662816
sub07,test,19,spontaneous,2,108.0,0,47,26.175833333333333,553.0,40.050032455116344
sub07,test,19,spontaneous,2,108.0,0,48,26.771416666666667,3559.0,55.47851490428095
sub07,test,19,spontaneous,2,108.0,0,49,27.290729166666665,400.0,37.24573036563823
sub07,test,19,spontaneous,2,108.0,0,50,27.905833333333334,361.0,36.365007121420525
sub07,test,19,spontaneous,2,108.0,0,51,28.412020833333333,3345.0,52.99878529629635
sub07,test,19,spontaneous,2,108.0,0,52,28.972541666666668,192.0,31.30756686864364
sub07,test,19,spontaneous,2,108.0,0,53,29.52925,246.0,33.48207070863427
sub07,test,20,spontaneous,3,116.0,0,0,0.365375,2765.0,50.724766488954444
sub07,test,20,spontaneous,3,116.0,0,1,0.7783958333333333,339.0,36.09257486932161
sub07,test,20,spontaneous,3,116.0,0,2,1.2607916666666668,355.0,36.668651941085656
sub07,test,20,spontaneous,3,116.0,0,3,1.693125,3489.0,52.87549476418577
sub07,test,20,spontaneous,3,116.0,0,4,2.1873125,526.0,39.56749176442404
sub07,test,20,spontaneous,3,116.0,0,5,2.7320416666666665,543.0,39.73582988963003
sub07,test,20,spontaneous,3,116.0,0,6,3.178625,3569.0,52.92342364654623
sub07,test,20,spontaneous,3,116.0,0,7,3.7010625,567.0,39.98640583721729
sub07,test,20,spontaneous,3,116.0,0,8,4.2206875,611.0,40.49004377381421
sub07,test,20,spontaneous,3,116.0,0,9,4.785020833333333,3992.0,56.86409457117424
sub07,test,20,spontaneous,3,116.0,0,10,5.291083333333333,507.0,39.30879125174406
sub07,test,20,spontaneous,3,116.0,0,11,5.82575,665.0,41.326111393469475
sub07,test,20,spontaneous,3,116.0,0,12,6.29025,3863.0,53.56593312261231
sub07,test,20,spontaneous,3,116.0,0,13,6.8109375,583.0,40.28519572098582
sub07,test,20,spontaneous,3,116.0,0,14,7.338791666666666,597.0,40.4851792358281
sub07,test,20,spontaneous,3,116.0,0,15,7.829,3507.0,55.429441287827075
sub07,test,20,spontaneous,3,116.0,0,16,8.316375,639.0,41.00221230724527
sub07,test,20,spontaneous,3,116.0,0,17,8.825854166666666,779.0,42.372833088816726
sub07,test,20,spontaneous,3,116.0,0,18,9.426291666666666,3104.0,51.27193507276412
sub07,test,20,spontaneous,3,116.0,0,19,9.931083333333333,631.0,40.92131968255163
sub07,test,20,spontaneous,3,116.0,0,20,10.464104166666667,501.0,39.07519779022573
sub07,test,20,spontaneous,3,116.0,0,21,10.990208333333333,3418.0,53.531699668837796
sub07,test,20,spontaneous,3,116.0,0,22,11.5028125,69.0,20.044497559515175
sub07,test,20,spontaneous,3,116.0,0,23,12.094,599.0,40.51363532933833
sub07,test,20,spontaneous,3,116.0,0,24,12.548583333333333,3466.0,55.13695377490146
sub07,test,20,spontaneous,3,116.0,0,25,13.058104166666666,427.0,37.80807886956806
sub07,test,20,spontaneous,3,116.0,0,26,13.659708333333333,406.0,37.57325317313619
sub07,test,20,spontaneous,3,116.0,0,27,14.063208333333334,2943.0,51.1740625499284
sub07,test,20,spontaneous,3,116.0,0,28,14.634520833333333,488.0,39.09287000397532
sub07,test,20,spontaneous,3,116.0,0,29,15.185833333333333,634.0,41.266793433549196
sub07,test,20,spontaneous,3,116.0,0,30,15.592083333333333,3269.0,53.21897685745414
sub07,test,20,spontaneous,3,116.0,0,31,16.100958333333335,594.0,40.79511239743265
sub07,test,20,spontaneous,3,116.0,0,32,16.649583333333332,3438.0,53.597414764379096
sub07,test,20,spontaneous,3,116.0,0,33,17.2340625,566.0,40.66100046963154
sub07,test,20,spontaneous,3,116.0,0,34,17.731708333333334,2690.0,50.01562918493739
sub07,test,20,spontaneous,3,116.0,0,35,18.240708333333334,342.0,36.500385696992666
sub07,test,20,spontaneous,3,116.0,0,36,18.73675,3730.0,55.67924935359042
sub07,test,20,spontaneous,3,116.0,0,37,19.245354166666665,87.0,22.225033169310496
sub07,test,20,spontaneous,3,116.0,0,38,19.785583333333335,2677.0,49.761258057388744
sub07,test,20,spontaneous,3,116.0,0,39,20.301395833333334,81.0,21.57160740558144
sub07,test,20,spontaneous,3,116.0,0,40,20.798020833333332,3159.0,51.87888777068772
sub07,test,20,spontaneous,3,116.0,0,41,21.2991875,544.0,40.00280451599352
sub07,test,20,spontaneous,3,116.0,0,42,21.8306875,2871.0,51.62927999969127
sub07,test,20,spontaneous,3,116.0,0,43,22.3295625,292.0,35.14491303990435
sub07,test,20,spontaneous,3,116.0,0,44,22.92325,2658.0,49.91953494139128
sub07,test,20,spontaneous,3,116.0,0,45,23.456604166666665,345.0,36.21572068962967
sub07,test,20,spontaneous,3,116.0,0,46,23.946645833333335,2978.0,51.64217772582327
sub07,test,20,spontaneous,3,116.0,0,47,24.48239583333333,814.0,43.29115956975228
sub07,test,20,spontaneous,3,116.0,0,48,24.974645833333334,2728.0,50.85262209682044
sub07,test,20,spontaneous,3,116.0,0,49,25.552645833333333,605.0,40.67156415373108
sub07,test,20,spontaneous,3,116.0,0,50,26.001666666666665,2689.0,49.79824197628885
sub07,test,20,spontaneous,3,116.0,0,51,26.50197916666667,388.0,37.255262494973984
sub07,test,20,spontaneous,3,116.0,0,52,27.017291666666665,2576.0,49.78485840284396
sub07,test,20,spontaneous,3,116.0,0,53,27.558791666666668,627.0,41.275295671676034
sub07,test,20,spontaneous,3,116.0,0,54,28.037270833333334,2224.0,47.88504542188706
sub07,test,20,spontaneous,3,116.0,0,55,28.536395833333334,437.0,38.73802197759255
sub07,test,20,spontaneous,3,116.0,0,56,29.084729166666666,2609.0,49.664260959870745
